-- phpMyAdmin SQL Dump
-- version 5.2.1
-- https://www.phpmyadmin.net/
--
-- ホスト: mysql3103.db.sakura.ne.jp
-- 生成日時: 2025 年 2 月 24 日 00:28
-- サーバのバージョン： 8.0.40
-- PHP のバージョン: 8.2.16

SET SQL_MODE = "NO_AUTO_VALUE_ON_ZERO";
START TRANSACTION;
SET time_zone = "+00:00";


/*!40101 SET @OLD_CHARACTER_SET_CLIENT=@@CHARACTER_SET_CLIENT */;
/*!40101 SET @OLD_CHARACTER_SET_RESULTS=@@CHARACTER_SET_RESULTS */;
/*!40101 SET @OLD_COLLATION_CONNECTION=@@COLLATION_CONNECTION */;
/*!40101 SET NAMES utf8mb4 */;

--
-- データベース: `portfolio-t_tango`
--

-- --------------------------------------------------------

--
-- テーブルの構造 `language`
--

CREATE TABLE `language` (
  `language_code` varchar(10) NOT NULL,
  `name` varchar(255) NOT NULL,
  `created_at` datetime NOT NULL DEFAULT CURRENT_TIMESTAMP,
  `updated_at` datetime NOT NULL DEFAULT CURRENT_TIMESTAMP ON UPDATE CURRENT_TIMESTAMP
) ENGINE=InnoDB DEFAULT CHARSET=utf8mb4 COLLATE=utf8mb4_0900_ai_ci;

--
-- テーブルのデータのダンプ `language`
--

INSERT INTO `language` (`language_code`, `name`, `created_at`, `updated_at`) VALUES
('de', 'ドイツ語', '2025-01-28 11:52:00', '2025-01-28 11:52:00'),
('en', '英語', '2025-01-28 11:52:00', '2025-01-28 11:52:00'),
('es', 'スペイン語', '2025-01-28 11:52:00', '2025-01-28 11:52:00'),
('fr', 'フランス語', '2025-01-28 11:52:00', '2025-01-28 11:52:00'),
('it', 'イタリア語', '2025-01-28 11:52:00', '2025-01-28 11:52:00'),
('ja', '日本語', '2025-01-28 11:52:00', '2025-01-28 11:52:00'),
('ko', '韓国語', '2025-01-28 11:52:00', '2025-01-28 11:52:00'),
('pt', 'ポルトガル語', '2025-01-28 11:52:00', '2025-01-28 11:52:00'),
('vi', 'ベトナム語', '2025-01-28 11:52:00', '2025-01-28 11:52:00'),
('zh', '中国語', '2025-01-28 11:52:00', '2025-01-28 11:52:00');

-- --------------------------------------------------------

--
-- テーブルの構造 `tests`
--

CREATE TABLE `tests` (
  `test_id` int NOT NULL,
  `branch_id` int NOT NULL,
  `test_type` int NOT NULL,
  `user_id` int NOT NULL,
  `attempt_date` datetime NOT NULL,
  `score` int NOT NULL,
  `total_questions` int NOT NULL,
  `created_at` datetime NOT NULL DEFAULT CURRENT_TIMESTAMP,
  `updated_at` datetime NOT NULL DEFAULT CURRENT_TIMESTAMP ON UPDATE CURRENT_TIMESTAMP
) ENGINE=InnoDB DEFAULT CHARSET=utf8mb4 COLLATE=utf8mb4_0900_ai_ci;

--
-- テーブルのデータのダンプ `tests`
--

INSERT INTO `tests` (`test_id`, `branch_id`, `test_type`, `user_id`, `attempt_date`, `score`, `total_questions`, `created_at`, `updated_at`) VALUES
(9, 0, 2, 4, '2025-01-28 16:39:38', 0, 5, '2025-01-28 16:39:38', '2025-01-28 16:39:38'),
(14, 1, 2, 4, '2025-01-28 18:49:23', 0, 5, '2025-01-28 18:44:49', '2025-01-28 18:49:23'),
(15, 1, 2, 4, '2025-01-29 09:59:18', 2, 5, '2025-01-29 09:59:09', '2025-01-29 09:59:18'),
(16, 1, 2, 4, '2025-01-29 10:20:08', 0, 5, '2025-01-29 10:16:30', '2025-01-29 10:20:08'),
(17, 1, 2, 4, '2025-01-29 10:26:09', 4, 5, '2025-01-29 10:20:18', '2025-01-29 10:26:09'),
(18, 1, 2, 4, '2025-01-29 11:05:12', 0, 0, '2025-01-29 11:05:12', '2025-01-29 11:05:12'),
(19, 1, 2, 4, '2025-01-29 11:05:24', 0, 5, '2025-01-29 11:05:22', '2025-01-29 11:05:24'),
(20, 1, 2, 4, '2025-01-29 11:09:50', 0, 5, '2025-01-29 11:09:49', '2025-01-29 11:09:50'),
(21, 2, 2, 4, '2025-01-29 11:12:18', 5, 5, '2025-01-29 11:12:04', '2025-01-29 11:12:18'),
(22, 0, 2, 4, '2025-01-29 11:26:35', 1, 5, '2025-01-29 11:26:28', '2025-01-29 11:26:35'),
(23, 1, 2, 4, '2025-01-29 11:28:04', 0, 0, '2025-01-29 11:28:04', '2025-01-29 11:28:04'),
(24, 0, 2, 4, '2025-01-29 11:28:31', 2, 5, '2025-01-29 11:28:20', '2025-01-29 11:28:31'),
(25, 1, 2, 4, '2025-01-29 11:31:07', 1, 5, '2025-01-29 11:30:59', '2025-01-29 11:31:07'),
(26, 1, 2, 4, '2025-01-29 11:41:13', 3, 5, '2025-01-29 11:41:00', '2025-01-29 11:41:13'),
(27, 0, 2, 4, '2025-01-29 15:00:25', 2, 5, '2025-01-29 14:59:04', '2025-01-29 15:00:25'),
(28, 0, 2, 4, '2025-01-29 15:04:03', 5, 5, '2025-01-29 15:03:48', '2025-01-29 15:04:03'),
(29, 0, 2, 4, '2025-01-29 15:04:49', 3, 5, '2025-01-29 15:04:26', '2025-01-29 15:04:49'),
(30, 1, 2, 4, '2025-01-29 15:11:25', 0, 0, '2025-01-29 15:11:25', '2025-01-29 15:11:25'),
(31, 1, 2, 4, '2025-01-29 15:11:58', 0, 0, '2025-01-29 15:11:58', '2025-01-29 15:11:58'),
(32, 0, 2, 4, '2025-01-29 15:14:10', 0, 5, '2025-01-29 15:14:08', '2025-01-29 15:14:10'),
(33, 2, 2, 4, '2025-01-29 15:20:40', 1, 1, '2025-01-29 15:19:47', '2025-01-29 15:20:40'),
(34, 0, 2, 4, '2025-01-29 15:55:53', 4, 5, '2025-01-29 15:54:42', '2025-01-29 15:55:53'),
(35, 0, 2, 4, '2025-01-29 15:57:55', 3, 5, '2025-01-29 15:57:35', '2025-01-29 15:57:55'),
(35, 1, 2, 4, '2025-01-29 16:00:03', 2, 2, '2025-01-29 16:00:03', '2025-01-29 16:00:03'),
(36, 0, 2, 4, '2025-01-29 16:17:07', 2, 5, '2025-01-29 16:16:34', '2025-01-29 16:17:07'),
(36, 1, 2, 4, '2025-01-29 16:17:18', 3, 3, '2025-01-29 16:17:18', '2025-01-29 16:17:18'),
(37, 1, 2, 4, '2025-01-29 16:17:55', 0, 0, '2025-01-29 16:17:55', '2025-01-29 16:17:55'),
(38, 1, 2, 4, '2025-01-29 16:19:36', 0, 0, '2025-01-29 16:19:36', '2025-01-29 16:19:36'),
(39, 1, 2, 4, '2025-01-29 16:46:56', 0, 0, '2025-01-29 16:46:56', '2025-01-29 16:46:56'),
(40, 1, 2, 4, '2025-01-29 16:47:38', 0, 0, '2025-01-29 16:47:38', '2025-01-29 16:47:38'),
(41, 1, 4, 4, '2025-01-29 16:47:52', 0, 0, '2025-01-29 16:47:52', '2025-01-29 16:47:52'),
(42, 1, 4, 4, '2025-01-29 16:49:19', 0, 0, '2025-01-29 16:49:19', '2025-01-29 16:49:19'),
(43, 1, 4, 4, '2025-01-29 17:12:04', 0, 0, '2025-01-29 17:12:04', '2025-01-29 17:12:04'),
(44, 1, 4, 4, '2025-01-29 17:17:37', 0, 0, '2025-01-29 17:17:37', '2025-01-29 17:17:37'),
(45, 1, 4, 4, '2025-01-29 17:18:13', 0, 0, '2025-01-29 17:18:13', '2025-01-29 17:18:13'),
(46, 1, 4, 4, '2025-01-29 17:20:21', 0, 0, '2025-01-29 17:20:21', '2025-01-29 17:20:21'),
(47, 1, 4, 4, '2025-01-29 17:20:40', 0, 0, '2025-01-29 17:20:40', '2025-01-29 17:20:40'),
(48, 1, 4, 4, '2025-01-29 17:25:21', 0, 0, '2025-01-29 17:25:21', '2025-01-29 17:25:21'),
(49, 1, 4, 4, '2025-01-29 17:26:18', 0, 0, '2025-01-29 17:26:18', '2025-01-29 17:26:18'),
(50, 1, 4, 4, '2025-01-29 17:35:23', 0, 0, '2025-01-29 17:35:23', '2025-01-29 17:35:23'),
(51, 1, 4, 4, '2025-01-29 17:40:23', 0, 0, '2025-01-29 17:40:23', '2025-01-29 17:40:23'),
(52, 1, 4, 4, '2025-01-29 17:44:16', 0, 0, '2025-01-29 17:44:16', '2025-01-29 17:44:16'),
(53, 1, 2, 4, '2025-01-29 18:21:53', 0, 0, '2025-01-29 18:21:53', '2025-01-29 18:21:53'),
(54, 1, 4, 4, '2025-01-29 18:22:43', 0, 0, '2025-01-29 18:22:43', '2025-01-29 18:22:43');

-- --------------------------------------------------------

--
-- テーブルの構造 `test_type`
--

CREATE TABLE `test_type` (
  `test_type` int NOT NULL,
  `name` varchar(255) NOT NULL,
  `description` text,
  `created_at` datetime NOT NULL DEFAULT CURRENT_TIMESTAMP,
  `updated_at` datetime NOT NULL DEFAULT CURRENT_TIMESTAMP ON UPDATE CURRENT_TIMESTAMP
) ENGINE=InnoDB DEFAULT CHARSET=utf8mb4 COLLATE=utf8mb4_0900_ai_ci;

--
-- テーブルのデータのダンプ `test_type`
--

INSERT INTO `test_type` (`test_type`, `name`, `description`, `created_at`, `updated_at`) VALUES
(1, 'Input Test', '入力形式のテスト', '2025-01-27 17:06:14', '2025-01-27 17:06:14'),
(2, 'Flashcard Test', '単語帳形式のテスト', '2025-01-27 17:06:14', '2025-01-27 17:06:14'),
(3, 'Multiple Choice Test', '4択形式のテスト', '2025-01-27 17:06:14', '2025-01-27 17:06:14'),
(4, 'Learn Mode', '覚えるモードのテスト', '2025-01-27 17:06:14', '2025-01-27 17:06:14');

-- --------------------------------------------------------

--
-- テーブルの構造 `translations`
--

CREATE TABLE `translations` (
  `translation_id` int NOT NULL,
  `word_id` int NOT NULL,
  `language_code` varchar(10) CHARACTER SET utf8mb4 COLLATE utf8mb4_0900_ai_ci NOT NULL,
  `translation` varchar(255) NOT NULL,
  `created_at` datetime NOT NULL DEFAULT CURRENT_TIMESTAMP,
  `updated_at` datetime NOT NULL DEFAULT CURRENT_TIMESTAMP ON UPDATE CURRENT_TIMESTAMP
) ENGINE=InnoDB DEFAULT CHARSET=utf8mb4 COLLATE=utf8mb4_0900_ai_ci;

--
-- テーブルのデータのダンプ `translations`
--

INSERT INTO `translations` (`translation_id`, `word_id`, `language_code`, `translation`, `created_at`, `updated_at`) VALUES
(1, 101, 'en', 'te', '2025-01-27 11:51:44', '2025-01-27 11:51:44'),
(2, 101, 'ja', 'te', '2025-01-27 11:51:44', '2025-01-27 11:51:44'),
(3, 102, 'en', 'peace', '2025-01-27 14:06:33', '2025-01-27 14:06:33'),
(4, 102, 'ja', '平和', '2025-01-27 14:06:33', '2025-01-27 14:06:33'),
(5, 97, 'vi', 'bàn', '2025-01-27 14:35:59', '2025-01-27 14:35:59'),
(6, 97, 'en', 'table', '2025-01-27 14:35:59', '2025-01-27 14:35:59'),
(7, 103, 'en', 'rose', '2025-01-27 15:50:16', '2025-01-27 15:50:16'),
(8, 103, 'ja', 'バラ', '2025-01-27 15:50:16', '2025-01-27 15:50:16'),
(9, 104, 'en', 'sun', '2025-01-27 15:50:16', '2025-01-27 15:50:16'),
(10, 104, 'ja', '太陽', '2025-01-27 15:50:16', '2025-01-27 15:50:16'),
(11, 105, 'en', 'teacher', '2025-01-27 15:50:16', '2025-01-27 15:50:16'),
(12, 105, 'ja', '教師', '2025-01-27 15:50:16', '2025-01-27 15:50:16'),
(13, 106, 'en', 'food', '2025-01-27 15:50:16', '2025-01-27 15:50:16'),
(14, 106, 'ja', '食べ物', '2025-01-27 15:50:16', '2025-01-27 15:50:16'),
(15, 107, 'en', 'cat', '2025-01-27 15:50:16', '2025-01-27 15:50:16'),
(16, 107, 'ja', '猫', '2025-01-27 15:50:16', '2025-01-27 15:50:16'),
(17, 108, 'en', 'water', '2025-01-27 15:50:16', '2025-01-27 15:50:16'),
(18, 108, 'ja', '水', '2025-01-27 15:50:16', '2025-01-27 15:50:16'),
(19, 109, 'en', 'love', '2025-01-27 15:50:16', '2025-01-27 15:50:16'),
(20, 109, 'ja', '愛', '2025-01-27 15:50:16', '2025-01-27 15:50:16'),
(21, 110, 'en', 'chair', '2025-01-27 15:50:16', '2025-01-27 15:50:16'),
(22, 110, 'ja', '椅子', '2025-01-27 15:50:16', '2025-01-27 15:50:16'),
(23, 111, 'en', 'sky', '2025-01-27 15:50:16', '2025-01-27 15:50:16'),
(24, 111, 'ja', '空', '2025-01-27 15:50:16', '2025-01-27 15:50:16'),
(25, 112, 'en', 'mountain', '2025-01-27 15:50:16', '2025-01-27 15:50:16'),
(26, 112, 'ja', '山', '2025-01-27 15:50:16', '2025-01-27 15:50:16'),
(27, 113, 'en', 'table', '2025-01-27 15:50:16', '2025-01-27 15:50:16'),
(28, 113, 'ja', '机', '2025-01-27 15:50:16', '2025-01-27 15:50:16'),
(29, 114, 'en', 'hospital', '2025-01-27 15:50:16', '2025-01-27 15:50:16'),
(30, 114, 'ja', '病院', '2025-01-27 15:50:16', '2025-01-27 15:50:16'),
(31, 115, 'en', 'house', '2025-01-27 15:50:16', '2025-01-27 15:50:16'),
(32, 115, 'ja', '家', '2025-01-27 15:50:16', '2025-01-27 15:50:16'),
(33, 116, 'en', 'school', '2025-01-27 15:50:16', '2025-01-27 15:50:16'),
(34, 116, 'ja', '学校', '2025-01-27 15:50:16', '2025-01-27 15:50:16'),
(35, 117, 'en', 'bicycle', '2025-01-27 15:50:16', '2025-01-27 15:50:16'),
(36, 117, 'ja', '自転車', '2025-01-27 15:50:16', '2025-01-27 15:50:16'),
(37, 118, 'en', 'book', '2025-01-27 15:50:16', '2025-01-27 15:50:16'),
(38, 118, 'ja', '本', '2025-01-27 15:50:16', '2025-01-27 15:50:16'),
(39, 119, 'en', 'computer', '2025-01-27 15:50:16', '2025-01-27 15:50:16'),
(40, 119, 'ja', 'コンピュータ', '2025-01-27 15:50:16', '2025-01-27 15:50:16'),
(41, 120, 'en', 'fish', '2025-01-27 15:50:16', '2025-01-27 15:50:16'),
(42, 120, 'ja', '魚', '2025-01-27 15:50:16', '2025-01-27 15:50:16'),
(43, 121, 'en', 'meat', '2025-01-27 15:50:16', '2025-01-27 15:50:16'),
(44, 121, 'ja', '肉', '2025-01-27 15:50:16', '2025-01-27 15:50:16'),
(45, 122, 'en', 'market', '2025-01-27 15:50:16', '2025-01-27 15:50:16'),
(46, 122, 'ja', '市場', '2025-01-27 15:50:16', '2025-01-27 15:50:16'),
(47, 123, 'en', 'bread', '2025-01-27 15:50:16', '2025-01-27 15:50:16'),
(48, 123, 'ja', 'パン', '2025-01-27 15:50:16', '2025-01-27 15:50:16'),
(49, 124, 'en', 'tea', '2025-01-27 15:50:16', '2025-01-27 15:50:16'),
(50, 124, 'ja', 'お茶', '2025-01-27 15:50:16', '2025-01-27 15:50:16'),
(51, 125, 'en', 'coffee', '2025-01-27 15:50:16', '2025-01-27 15:50:16'),
(52, 125, 'ja', 'コーヒー', '2025-01-27 15:50:16', '2025-01-27 15:50:16'),
(53, 126, 'en', 'clothes', '2025-01-27 15:50:16', '2025-01-27 15:50:16'),
(54, 126, 'ja', '服', '2025-01-27 15:50:16', '2025-01-27 15:50:16'),
(55, 127, 'en', 'shoes', '2025-01-27 15:50:16', '2025-01-27 15:50:16'),
(56, 127, 'ja', '靴', '2025-01-27 15:50:16', '2025-01-27 15:50:16'),
(57, 128, 'en', 'phone', '2025-01-27 15:50:16', '2025-01-27 15:50:16'),
(58, 128, 'ja', '電話', '2025-01-27 15:50:16', '2025-01-27 15:50:16'),
(59, 129, 'en', 'camera', '2025-01-27 15:50:16', '2025-01-27 15:50:16'),
(60, 129, 'ja', 'カメラ', '2025-01-27 15:50:16', '2025-01-27 15:50:16'),
(61, 130, 'en', 'car', '2025-01-27 15:50:16', '2025-01-27 15:50:16'),
(62, 130, 'ja', '車', '2025-01-27 15:50:16', '2025-01-27 15:50:16'),
(63, 131, 'en', 'party', '2025-01-27 15:50:16', '2025-01-27 15:50:16'),
(64, 131, 'ja', 'パーティー', '2025-01-27 15:50:16', '2025-01-27 15:50:16'),
(65, 132, 'en', 'river', '2025-01-27 15:50:16', '2025-01-27 15:50:16'),
(66, 132, 'ja', '川', '2025-01-27 15:50:16', '2025-01-27 15:50:16'),
(67, 133, 'en', 'sea', '2025-01-27 15:50:16', '2025-01-27 15:50:16'),
(68, 133, 'ja', '海', '2025-01-27 15:50:16', '2025-01-27 15:50:16'),
(69, 134, 'en', 'leaf', '2025-01-27 15:50:16', '2025-01-27 15:50:16'),
(70, 134, 'ja', '葉', '2025-01-27 15:50:16', '2025-01-27 15:50:16'),
(71, 135, 'en', 'lamp', '2025-01-27 15:50:16', '2025-01-27 15:50:16'),
(72, 135, 'ja', 'ランプ', '2025-01-27 15:50:16', '2025-01-27 15:50:16'),
(73, 136, 'en', 'apple', '2025-01-27 15:50:16', '2025-01-27 15:50:16'),
(74, 136, 'ja', 'りんご', '2025-01-27 15:50:16', '2025-01-27 15:50:16'),
(75, 137, 'en', 'orange', '2025-01-27 15:50:16', '2025-01-27 15:50:16'),
(76, 137, 'ja', 'オレンジ', '2025-01-27 15:50:16', '2025-01-27 15:50:16'),
(77, 138, 'en', 'banana', '2025-01-27 15:50:16', '2025-01-27 15:50:16'),
(78, 138, 'ja', 'バナナ', '2025-01-27 15:50:16', '2025-01-27 15:50:16'),
(79, 139, 'en', 'watermelon', '2025-01-27 15:50:16', '2025-01-27 15:50:16'),
(80, 139, 'ja', 'スイカ', '2025-01-27 15:50:16', '2025-01-27 15:50:16'),
(81, 140, 'en', 'clock', '2025-01-27 15:50:16', '2025-01-27 15:50:16'),
(82, 140, 'ja', '時計', '2025-01-27 15:50:16', '2025-01-27 15:50:16'),
(83, 141, 'en', 'glasses', '2025-01-27 15:50:16', '2025-01-27 15:50:16'),
(84, 141, 'ja', '眼鏡', '2025-01-27 15:50:16', '2025-01-27 15:50:16'),
(85, 142, 'en', 'hat', '2025-01-27 15:50:16', '2025-01-27 15:50:16'),
(86, 142, 'ja', '帽子', '2025-01-27 15:50:16', '2025-01-27 15:50:16'),
(87, 143, 'en', 'gloves', '2025-01-27 15:50:16', '2025-01-27 15:50:16'),
(88, 143, 'ja', '手袋', '2025-01-27 15:50:16', '2025-01-27 15:50:16'),
(89, 144, 'en', 'doctor', '2025-01-27 15:50:16', '2025-01-27 15:50:16'),
(90, 144, 'ja', '医者', '2025-01-27 15:50:16', '2025-01-27 15:50:16'),
(91, 145, 'en', 'nurse', '2025-01-27 15:50:16', '2025-01-27 15:50:16'),
(92, 145, 'ja', '看護師', '2025-01-27 15:50:16', '2025-01-27 15:50:16'),
(93, 146, 'en', 'park', '2025-01-27 15:50:16', '2025-01-27 15:50:16'),
(94, 146, 'ja', '公園', '2025-01-27 15:50:16', '2025-01-27 15:50:16'),
(95, 147, 'en', 'heart', '2025-01-27 15:50:16', '2025-01-27 15:50:16'),
(96, 147, 'ja', '心', '2025-01-27 15:50:16', '2025-01-27 15:50:16'),
(97, 148, 'en', 'hair', '2025-01-27 15:50:16', '2025-01-27 15:50:16'),
(98, 148, 'ja', '髪', '2025-01-27 15:50:16', '2025-01-27 15:50:16'),
(99, 149, 'en', 'blue', '2025-01-27 15:50:16', '2025-01-27 15:50:16'),
(100, 149, 'ja', '青', '2025-01-27 15:50:16', '2025-01-27 15:50:16'),
(101, 150, 'en', 'red', '2025-01-27 15:50:16', '2025-01-27 15:50:16'),
(102, 150, 'ja', '赤', '2025-01-27 15:50:16', '2025-01-27 15:50:16'),
(103, 151, 'en', 'yellow', '2025-01-27 15:50:16', '2025-01-27 15:50:16'),
(104, 151, 'ja', '黄', '2025-01-27 15:50:16', '2025-01-27 15:50:16'),
(105, 152, 'en', 'white', '2025-01-27 15:50:16', '2025-01-27 15:50:16'),
(106, 152, 'ja', '白', '2025-01-27 15:50:16', '2025-01-27 15:50:16'),
(107, 153, 'en', 'black', '2025-01-27 15:50:16', '2025-01-27 15:50:16'),
(108, 153, 'ja', '黒', '2025-01-27 15:50:16', '2025-01-27 15:50:16'),
(109, 154, 'en', 'rain', '2025-01-27 15:50:16', '2025-01-27 15:50:16'),
(110, 154, 'ja', '雨', '2025-01-27 15:50:16', '2025-01-27 15:50:16'),
(111, 155, 'en', 'sleep', '2025-01-27 15:50:16', '2025-01-27 15:50:16'),
(112, 155, 'ja', '睡眠', '2025-01-27 15:50:16', '2025-01-27 15:50:16'),
(113, 156, 'en', 'play', '2025-01-27 15:50:16', '2025-01-27 15:50:16'),
(114, 156, 'ja', '遊び', '2025-01-27 15:50:16', '2025-01-27 15:50:16'),
(115, 157, 'en', 'study', '2025-01-27 15:50:16', '2025-01-27 15:50:16'),
(116, 157, 'ja', '勉強', '2025-01-27 15:50:16', '2025-01-27 15:50:16'),
(117, 158, 'en', 'work', '2025-01-27 15:50:16', '2025-01-27 15:50:16'),
(118, 158, 'ja', '仕事', '2025-01-27 15:50:16', '2025-01-27 15:50:16'),
(119, 159, 'en', 'letter', '2025-01-27 15:50:16', '2025-01-27 15:50:16'),
(120, 159, 'ja', '手紙', '2025-01-27 15:50:16', '2025-01-27 15:50:16'),
(121, 160, 'en', 'fishing', '2025-01-27 15:50:16', '2025-01-27 15:50:16'),
(122, 160, 'ja', '釣り', '2025-01-27 15:50:16', '2025-01-27 15:50:16'),
(123, 161, 'en', 'run', '2025-01-27 15:50:16', '2025-01-27 15:50:16'),
(124, 161, 'ja', '走る', '2025-01-27 15:50:16', '2025-01-27 15:50:16'),
(125, 162, 'en', 'sing', '2025-01-27 15:50:16', '2025-01-27 15:50:16'),
(126, 162, 'ja', '歌う', '2025-01-27 15:50:16', '2025-01-27 15:50:16'),
(129, 164, 'en', 'plane', '2025-01-27 15:50:16', '2025-01-27 15:50:16'),
(130, 164, 'ja', '飛行機', '2025-01-27 15:50:16', '2025-01-27 15:50:16'),
(131, 165, 'en', 'boat', '2025-01-27 15:50:16', '2025-01-27 15:50:16'),
(132, 165, 'ja', '船', '2025-01-27 15:50:16', '2025-01-27 15:50:16'),
(133, 166, 'en', 'spring', '2025-01-27 15:50:16', '2025-01-27 15:50:16'),
(134, 166, 'ja', '春', '2025-01-27 15:50:16', '2025-01-27 15:50:16'),
(135, 167, 'en', 'summer', '2025-01-27 15:50:16', '2025-01-27 15:50:16'),
(136, 167, 'ja', '夏', '2025-01-27 15:50:16', '2025-01-27 15:50:16'),
(137, 168, 'en', 'autumn', '2025-01-27 15:50:16', '2025-01-27 15:50:16'),
(138, 168, 'ja', '秋', '2025-01-27 15:50:16', '2025-01-27 15:50:16'),
(139, 169, 'en', 'winter', '2025-01-27 15:50:16', '2025-01-27 15:50:16'),
(140, 169, 'ja', '冬', '2025-01-27 15:50:16', '2025-01-27 15:50:16'),
(141, 1, 'vi', 'xin chào', '2025-01-27 15:54:27', '2025-01-27 15:54:27'),
(142, 1, 'ja', 'こんにちは', '2025-01-27 15:54:27', '2025-01-27 15:54:27'),
(143, 2, 'vi', 'cảm ơn', '2025-01-27 15:54:27', '2025-01-27 15:54:27'),
(144, 2, 'ja', 'ありがとう', '2025-01-27 15:54:27', '2025-01-27 15:54:27'),
(145, 3, 'vi', 'tạm biệt', '2025-01-27 15:54:27', '2025-01-27 15:54:27'),
(146, 3, 'ja', 'さようなら', '2025-01-27 15:54:27', '2025-01-27 15:54:27'),
(147, 4, 'vi', 'vâng', '2025-01-27 15:54:27', '2025-01-27 15:54:27'),
(148, 4, 'ja', 'はい', '2025-01-27 15:54:27', '2025-01-27 15:54:27'),
(149, 5, 'vi', 'không', '2025-01-27 15:54:27', '2025-01-27 15:54:27'),
(150, 5, 'ja', 'いいえ', '2025-01-27 15:54:27', '2025-01-27 15:54:27'),
(151, 6, 'vi', 'làm ơn', '2025-01-27 15:54:27', '2025-01-27 15:54:27'),
(152, 6, 'ja', 'お願いします', '2025-01-27 15:54:27', '2025-01-27 15:54:27'),
(153, 7, 'vi', 'xin lỗi', '2025-01-27 15:54:27', '2025-01-27 15:54:27'),
(154, 7, 'ja', 'すみません', '2025-01-27 15:54:27', '2025-01-27 15:54:27'),
(155, 8, 'vi', 'xin phép', '2025-01-27 15:54:27', '2025-01-27 15:54:27'),
(156, 8, 'ja', '失礼します', '2025-01-27 15:54:27', '2025-01-27 15:54:27'),
(157, 9, 'vi', 'chào buổi sáng', '2025-01-27 15:54:27', '2025-01-27 15:54:27'),
(158, 9, 'ja', 'おはよう', '2025-01-27 15:54:27', '2025-01-27 15:54:27'),
(159, 10, 'vi', 'chúc ngủ ngon', '2025-01-27 15:54:27', '2025-01-27 15:54:27'),
(160, 10, 'ja', 'おやすみなさい', '2025-01-27 15:54:27', '2025-01-27 15:54:27'),
(161, 11, 'vi', 'con mèo', '2025-01-27 15:54:27', '2025-01-27 15:54:27'),
(162, 11, 'ja', '猫', '2025-01-27 15:54:27', '2025-01-27 15:54:27'),
(163, 12, 'vi', 'con chó', '2025-01-27 15:54:27', '2025-01-27 15:54:27'),
(164, 12, 'ja', '犬', '2025-01-27 15:54:27', '2025-01-27 15:54:27'),
(165, 13, 'vi', 'con chim', '2025-01-27 15:54:27', '2025-01-27 15:54:27'),
(166, 13, 'ja', '鳥', '2025-01-27 15:54:27', '2025-01-27 15:54:27'),
(167, 14, 'vi', 'xe hơi', '2025-01-27 15:54:27', '2025-01-27 15:54:27'),
(168, 14, 'ja', '車', '2025-01-27 15:54:27', '2025-01-27 15:54:27'),
(169, 15, 'vi', 'xe đạp', '2025-01-27 15:54:27', '2025-01-27 15:54:27'),
(170, 15, 'ja', '自転車', '2025-01-27 15:54:27', '2025-01-27 15:54:27'),
(171, 16, 'vi', 'ngôi nhà', '2025-01-27 15:54:27', '2025-01-27 15:54:27'),
(172, 16, 'ja', '家', '2025-01-27 15:54:27', '2025-01-27 15:54:27'),
(173, 17, 'vi', 'trường học', '2025-01-27 15:54:27', '2025-01-27 15:54:27'),
(174, 17, 'ja', '学校', '2025-01-27 15:54:27', '2025-01-27 15:54:27'),
(175, 18, 'vi', 'chợ', '2025-01-27 15:54:27', '2025-01-27 15:54:27'),
(176, 18, 'ja', '市場', '2025-01-27 15:54:27', '2025-01-27 15:54:27'),
(177, 19, 'vi', 'bệnh viện', '2025-01-27 15:54:27', '2025-01-27 15:54:27'),
(178, 19, 'ja', '病院', '2025-01-27 15:54:27', '2025-01-27 15:54:27'),
(179, 20, 'vi', 'nước', '2025-01-27 15:54:27', '2025-01-27 15:54:27'),
(180, 20, 'ja', '水', '2025-01-27 15:54:27', '2025-01-27 15:54:27'),
(181, 21, 'vi', 'thức ăn', '2025-01-27 15:54:27', '2025-01-27 15:54:27'),
(182, 21, 'ja', '食べ物', '2025-01-27 15:54:27', '2025-01-27 15:54:27'),
(183, 22, 'vi', 'gạo', '2025-01-27 15:54:27', '2025-01-27 15:54:27'),
(184, 22, 'ja', 'ご飯', '2025-01-27 15:54:27', '2025-01-27 15:54:27'),
(185, 23, 'vi', 'cá', '2025-01-27 15:54:27', '2025-01-27 15:54:27'),
(186, 23, 'ja', '魚', '2025-01-27 15:54:27', '2025-01-27 15:54:27'),
(187, 24, 'vi', 'thịt', '2025-01-27 15:54:27', '2025-01-27 15:54:27'),
(188, 24, 'ja', '肉', '2025-01-27 15:54:27', '2025-01-27 15:54:27'),
(189, 25, 'vi', 'táo', '2025-01-27 15:54:27', '2025-01-27 15:54:27'),
(190, 25, 'ja', 'りんご', '2025-01-27 15:54:27', '2025-01-27 15:54:27'),
(191, 26, 'vi', 'chuối', '2025-01-27 15:54:27', '2025-01-27 15:54:27'),
(192, 26, 'ja', 'バナナ', '2025-01-27 15:54:27', '2025-01-27 15:54:27'),
(193, 27, 'vi', 'cam', '2025-01-27 15:54:27', '2025-01-27 15:54:27'),
(194, 27, 'ja', 'オレンジ', '2025-01-27 15:54:27', '2025-01-27 15:54:27'),
(195, 28, 'vi', 'quyển sách', '2025-01-27 15:54:27', '2025-01-27 15:54:27'),
(196, 28, 'ja', '本', '2025-01-27 15:54:27', '2025-01-27 15:54:27'),
(197, 29, 'vi', 'cây bút', '2025-01-27 15:54:27', '2025-01-27 15:54:27'),
(198, 29, 'ja', 'ペン', '2025-01-27 15:54:27', '2025-01-27 15:54:27'),
(199, 30, 'vi', 'cái túi', '2025-01-27 15:54:27', '2025-01-27 15:54:27'),
(200, 30, 'ja', 'かばん', '2025-01-27 15:54:27', '2025-01-27 15:54:27'),
(201, 31, 'vi', 'cái bàn', '2025-01-27 15:54:27', '2025-01-27 15:54:27'),
(202, 31, 'ja', '机', '2025-01-27 15:54:27', '2025-01-27 15:54:27'),
(203, 32, 'vi', 'cái ghế', '2025-01-27 15:54:27', '2025-01-27 15:54:27'),
(204, 32, 'ja', 'いす', '2025-01-27 15:54:27', '2025-01-27 15:54:27'),
(205, 33, 'vi', 'máy tính', '2025-01-27 15:54:27', '2025-01-27 15:54:27'),
(206, 33, 'ja', 'パソコン', '2025-01-27 15:54:27', '2025-01-27 15:54:27'),
(207, 34, 'en', 'hello', '2025-01-27 15:54:27', '2025-01-27 15:54:27'),
(208, 35, 'en', 'thank you', '2025-01-27 15:54:27', '2025-01-27 15:54:27'),
(209, 36, 'en', 'goodbye', '2025-01-27 15:54:27', '2025-01-27 15:54:27'),
(210, 37, 'en', 'yes', '2025-01-27 15:54:27', '2025-01-27 15:54:27'),
(211, 38, 'en', 'no', '2025-01-27 15:54:27', '2025-01-27 15:54:27'),
(212, 39, 'en', 'please', '2025-01-27 15:54:27', '2025-01-27 15:54:27'),
(213, 40, 'en', 'sorry', '2025-01-27 15:54:27', '2025-01-27 15:54:27'),
(214, 41, 'en', 'excuse me', '2025-01-27 15:54:27', '2025-01-27 15:54:27'),
(215, 42, 'en', 'good morning', '2025-01-27 15:54:27', '2025-01-27 15:54:27'),
(216, 43, 'en', 'good night', '2025-01-27 15:54:27', '2025-01-27 15:54:27'),
(217, 44, 'en', 'cat', '2025-01-27 15:54:27', '2025-01-27 15:54:27'),
(218, 45, 'en', 'dog', '2025-01-27 15:54:27', '2025-01-27 15:54:27'),
(219, 46, 'en', 'bird', '2025-01-27 15:54:27', '2025-01-27 15:54:27'),
(220, 47, 'en', 'car', '2025-01-27 15:54:27', '2025-01-27 15:54:27'),
(221, 48, 'en', 'bicycle', '2025-01-27 15:54:27', '2025-01-27 15:54:27'),
(222, 49, 'en', 'house', '2025-01-27 15:54:27', '2025-01-27 15:54:27'),
(223, 50, 'en', 'school', '2025-01-27 15:54:27', '2025-01-27 15:54:27'),
(224, 51, 'en', 'market', '2025-01-27 15:54:27', '2025-01-27 15:54:27'),
(225, 52, 'en', 'hospital', '2025-01-27 15:54:27', '2025-01-27 15:54:27'),
(226, 53, 'en', 'water', '2025-01-27 15:54:27', '2025-01-27 15:54:27'),
(227, 54, 'en', 'food', '2025-01-27 15:54:27', '2025-01-27 15:54:27'),
(228, 55, 'en', 'rice', '2025-01-27 15:54:27', '2025-01-27 15:54:27'),
(229, 56, 'en', 'fish', '2025-01-27 15:54:27', '2025-01-27 15:54:27'),
(230, 57, 'en', 'meat', '2025-01-27 15:54:27', '2025-01-27 15:54:27'),
(231, 58, 'en', 'apple', '2025-01-27 15:54:27', '2025-01-27 15:54:27'),
(232, 59, 'en', 'banana', '2025-01-27 15:54:27', '2025-01-27 15:54:27'),
(233, 60, 'en', 'orange', '2025-01-27 15:54:27', '2025-01-27 15:54:27'),
(234, 61, 'en', 'book', '2025-01-27 15:54:27', '2025-01-27 15:54:27'),
(235, 62, 'en', 'pen', '2025-01-27 15:54:27', '2025-01-27 15:54:27'),
(236, 63, 'en', 'bag', '2025-01-27 15:54:27', '2025-01-27 15:54:27'),
(237, 64, 'en', 'table', '2025-01-27 15:54:27', '2025-01-27 15:54:27'),
(238, 65, 'en', 'chair', '2025-01-27 15:54:27', '2025-01-27 15:54:27'),
(239, 66, 'en', 'computer', '2025-01-27 15:54:27', '2025-01-27 15:54:27'),
(240, 67, 'vi', 'xin chào', '2025-01-27 15:54:27', '2025-01-27 15:54:27'),
(241, 67, 'ja', 'こんにちは', '2025-01-27 15:54:27', '2025-01-27 15:54:27'),
(242, 68, 'vi', 'cảm ơn', '2025-01-27 15:54:27', '2025-01-27 15:54:27'),
(243, 68, 'ja', 'ありがとう', '2025-01-27 15:54:27', '2025-01-27 15:54:27'),
(244, 69, 'vi', 'tạm biệt', '2025-01-27 15:54:27', '2025-01-27 15:54:27'),
(245, 69, 'ja', 'さようなら', '2025-01-27 15:54:27', '2025-01-27 15:54:27'),
(246, 70, 'vi', 'vâng', '2025-01-27 15:54:27', '2025-01-27 15:54:27'),
(247, 70, 'ja', 'はい', '2025-01-27 15:54:27', '2025-01-27 15:54:27'),
(248, 71, 'vi', 'không', '2025-01-27 15:54:27', '2025-01-27 15:54:27'),
(249, 71, 'ja', 'いいえ', '2025-01-27 15:54:27', '2025-01-27 15:54:27'),
(250, 72, 'vi', 'làm ơn', '2025-01-27 15:54:27', '2025-01-27 15:54:27'),
(251, 72, 'ja', 'お願いします', '2025-01-27 15:54:27', '2025-01-27 15:54:27'),
(252, 73, 'vi', 'xin lỗi', '2025-01-27 15:54:27', '2025-01-27 15:54:27'),
(253, 73, 'ja', 'すみません', '2025-01-27 15:54:27', '2025-01-27 15:54:27'),
(254, 74, 'vi', 'xin phép', '2025-01-27 15:54:27', '2025-01-27 15:54:27'),
(255, 74, 'ja', '失礼します', '2025-01-27 15:54:27', '2025-01-27 15:54:27'),
(256, 75, 'vi', 'chào buổi sáng', '2025-01-27 15:54:27', '2025-01-27 15:54:27'),
(257, 75, 'ja', 'おはよう', '2025-01-27 15:54:27', '2025-01-27 15:54:27'),
(258, 76, 'vi', 'chúc ngủ ngon', '2025-01-27 15:54:27', '2025-01-27 15:54:27'),
(259, 76, 'ja', 'おやすみなさい', '2025-01-27 15:54:27', '2025-01-27 15:54:27'),
(260, 77, 'vi', 'con mèo', '2025-01-27 15:54:27', '2025-01-27 15:54:27'),
(261, 77, 'ja', '猫', '2025-01-27 15:54:27', '2025-01-27 15:54:27'),
(262, 78, 'vi', 'con chó', '2025-01-27 15:54:27', '2025-01-27 15:54:27'),
(263, 78, 'ja', '犬', '2025-01-27 15:54:27', '2025-01-27 15:54:27'),
(264, 79, 'vi', 'con chim', '2025-01-27 15:54:27', '2025-01-27 15:54:27'),
(265, 79, 'ja', '鳥', '2025-01-27 15:54:27', '2025-01-27 15:54:27'),
(266, 80, 'vi', 'xe hơi', '2025-01-27 15:54:27', '2025-01-27 15:54:27'),
(267, 80, 'ja', '車', '2025-01-27 15:54:27', '2025-01-27 15:54:27'),
(268, 81, 'vi', 'xe đạp', '2025-01-27 15:54:27', '2025-01-27 15:54:27'),
(269, 81, 'ja', '自転車', '2025-01-27 15:54:27', '2025-01-27 15:54:27'),
(270, 82, 'vi', 'ngôi nhà', '2025-01-27 15:54:27', '2025-01-27 15:54:27'),
(271, 82, 'ja', '家', '2025-01-27 15:54:27', '2025-01-27 15:54:27'),
(272, 83, 'vi', 'trường học', '2025-01-27 15:54:27', '2025-01-27 15:54:27'),
(273, 83, 'ja', '学校', '2025-01-27 15:54:27', '2025-01-27 15:54:27'),
(274, 84, 'vi', 'chợ', '2025-01-27 15:54:27', '2025-01-27 15:54:27'),
(275, 84, 'ja', '市場', '2025-01-27 15:54:27', '2025-01-27 15:54:27'),
(276, 85, 'vi', 'bệnh viện', '2025-01-27 15:54:27', '2025-01-27 15:54:27'),
(277, 85, 'ja', '病院', '2025-01-27 15:54:27', '2025-01-27 15:54:27'),
(278, 86, 'vi', 'nước', '2025-01-27 15:54:27', '2025-01-27 15:54:27'),
(279, 86, 'ja', '水', '2025-01-27 15:54:27', '2025-01-27 15:54:27'),
(280, 87, 'vi', 'thức ăn', '2025-01-27 15:54:27', '2025-01-27 15:54:27'),
(281, 87, 'ja', '食べ物', '2025-01-27 15:54:27', '2025-01-27 15:54:27'),
(282, 88, 'vi', 'gạo', '2025-01-27 15:54:27', '2025-01-27 15:54:27'),
(283, 88, 'ja', 'ご飯', '2025-01-27 15:54:27', '2025-01-27 15:54:27'),
(284, 89, 'vi', 'cá', '2025-01-27 15:54:27', '2025-01-27 15:54:27'),
(285, 89, 'ja', '魚', '2025-01-27 15:54:27', '2025-01-27 15:54:27'),
(286, 90, 'vi', 'thịt', '2025-01-27 15:54:27', '2025-01-27 15:54:27'),
(287, 90, 'ja', '肉', '2025-01-27 15:54:27', '2025-01-27 15:54:27'),
(288, 91, 'vi', 'táo', '2025-01-27 15:54:27', '2025-01-27 15:54:27'),
(289, 91, 'ja', 'りんご', '2025-01-27 15:54:27', '2025-01-27 15:54:27'),
(290, 92, 'vi', 'chuối', '2025-01-27 15:54:27', '2025-01-27 15:54:27'),
(291, 92, 'ja', 'バナナ', '2025-01-27 15:54:27', '2025-01-27 15:54:27'),
(292, 93, 'vi', 'cam', '2025-01-27 15:54:27', '2025-01-27 15:54:27'),
(293, 93, 'ja', 'オレンジ', '2025-01-27 15:54:27', '2025-01-27 15:54:27'),
(294, 94, 'vi', 'quyển sách', '2025-01-27 15:54:27', '2025-01-27 15:54:27'),
(295, 94, 'ja', '本', '2025-01-27 15:54:27', '2025-01-27 15:54:27'),
(296, 95, 'vi', 'cây bút', '2025-01-27 15:54:27', '2025-01-27 15:54:27'),
(297, 95, 'ja', 'ペン', '2025-01-27 15:54:27', '2025-01-27 15:54:27'),
(298, 96, 'vi', 'cái túi', '2025-01-27 15:54:27', '2025-01-27 15:54:27'),
(299, 96, 'ja', 'かばん', '2025-01-27 15:54:27', '2025-01-27 15:54:27'),
(300, 97, 'vi', 'cái bàn', '2025-01-27 15:54:27', '2025-01-27 15:54:27'),
(301, 97, 'ja', '机', '2025-01-27 15:54:27', '2025-01-27 15:54:27'),
(302, 98, 'vi', 'cái ghế', '2025-01-27 15:54:27', '2025-01-27 15:54:27'),
(303, 98, 'ja', 'いす', '2025-01-27 15:54:27', '2025-01-27 15:54:27'),
(304, 99, 'vi', 'máy tính', '2025-01-27 15:54:27', '2025-01-27 15:54:27'),
(305, 99, 'ja', 'パソコン', '2025-01-27 15:54:27', '2025-01-27 15:54:27'),
(309, 163, 'en', 'guitar', '2025-01-27 15:55:51', '2025-01-27 15:55:51'),
(310, 163, 'ja', 'ギター', '2025-01-27 15:55:51', '2025-01-27 15:55:51'),
(311, 170, 'en', 'squid', '2025-01-28 15:29:09', '2025-01-28 15:29:09'),
(312, 170, 'ja', 'イカ', '2025-01-28 15:29:09', '2025-01-28 15:29:09'),
(313, 171, 'ja', '20年間、20年', '2025-02-04 16:56:30', '2025-02-04 16:56:30'),
(314, 172, 'ja', '翻訳する', '2025-02-04 16:56:37', '2025-02-04 16:56:37'),
(315, 173, 'ja', '叙事詩', '2025-02-04 16:56:41', '2025-02-04 16:56:41'),
(316, 174, 'ja', 'タイグエン（ベトナム中央高原地方）', '2025-02-04 16:56:45', '2025-02-04 16:56:45'),
(317, 175, 'ja', '首相', '2025-02-04 17:12:20', '2025-02-04 17:12:20'),
(318, 176, 'ja', '幹部', '2025-02-04 17:12:28', '2025-02-04 17:12:28'),
(319, 177, 'ja', '公務員', '2025-02-04 17:12:35', '2025-02-04 17:12:35'),
(320, 178, 'ja', '職員', '2025-02-04 17:12:41', '2025-02-04 17:12:41'),
(321, 179, 'ja', '国家行政機関', '2025-02-04 17:15:20', '2025-02-04 17:15:20'),
(322, 180, 'ja', '春遊び', '2025-02-04 17:17:10', '2025-02-04 17:17:10'),
(323, 181, 'ja', '新年の挨拶をする', '2025-02-04 17:17:16', '2025-02-04 17:17:16'),
(324, 182, 'ja', '勤務時間中', '2025-02-04 17:17:58', '2025-02-04 17:17:58'),
(325, 183, 'ja', '編、曲、 bài sử thi：叙事詩の（一）編', '2025-02-06 16:17:10', '2025-02-06 16:17:10'),
(326, 184, 'ja', '子孫', '2025-02-06 16:18:15', '2025-02-06 16:18:15');

-- --------------------------------------------------------

--
-- テーブルの構造 `used_test_words`
--

CREATE TABLE `used_test_words` (
  `test_id` int NOT NULL,
  `branch_id` int NOT NULL DEFAULT '0',
  `word_id` int NOT NULL,
  `is_correct` int NOT NULL DEFAULT '0',
  `created_at` datetime NOT NULL DEFAULT CURRENT_TIMESTAMP,
  `updated_at` datetime NOT NULL DEFAULT CURRENT_TIMESTAMP ON UPDATE CURRENT_TIMESTAMP
) ENGINE=InnoDB DEFAULT CHARSET=utf8mb4 COLLATE=utf8mb4_0900_ai_ci;

--
-- テーブルのデータのダンプ `used_test_words`
--

INSERT INTO `used_test_words` (`test_id`, `branch_id`, `word_id`, `is_correct`, `created_at`, `updated_at`) VALUES
(17, 1, 51, 0, '2025-01-29 10:26:09', '2025-01-29 10:26:09'),
(17, 1, 56, 0, '2025-01-29 10:26:09', '2025-01-29 10:26:09'),
(17, 1, 103, 0, '2025-01-29 10:26:09', '2025-01-29 10:26:09'),
(17, 1, 156, 0, '2025-01-29 10:26:09', '2025-01-29 10:26:09'),
(17, 1, 159, 0, '2025-01-29 10:26:09', '2025-01-29 10:26:09'),
(19, 1, 45, 0, '2025-01-29 11:05:24', '2025-01-29 11:05:24'),
(19, 1, 110, 0, '2025-01-29 11:05:24', '2025-01-29 11:05:24'),
(19, 1, 123, 0, '2025-01-29 11:05:24', '2025-01-29 11:05:24'),
(19, 1, 138, 0, '2025-01-29 11:05:24', '2025-01-29 11:05:24'),
(19, 1, 157, 0, '2025-01-29 11:05:24', '2025-01-29 11:05:24'),
(20, 1, 70, 0, '2025-01-29 11:09:50', '2025-01-29 11:09:50'),
(20, 1, 77, 0, '2025-01-29 11:09:50', '2025-01-29 11:09:50'),
(20, 1, 83, 0, '2025-01-29 11:09:50', '2025-01-29 11:09:50'),
(20, 1, 84, 0, '2025-01-29 11:09:50', '2025-01-29 11:09:50'),
(20, 1, 96, 0, '2025-01-29 11:09:50', '2025-01-29 11:09:50'),
(21, 1, 48, 0, '2025-01-29 11:12:06', '2025-01-29 11:12:06'),
(21, 1, 63, 0, '2025-01-29 11:12:06', '2025-01-29 11:12:06'),
(21, 1, 85, 0, '2025-01-29 11:12:06', '2025-01-29 11:12:06'),
(21, 1, 117, 0, '2025-01-29 11:12:06', '2025-01-29 11:12:06'),
(21, 1, 136, 0, '2025-01-29 11:12:06', '2025-01-29 11:12:06'),
(21, 2, 32, 0, '2025-01-29 11:12:18', '2025-01-29 11:12:18'),
(21, 2, 33, 0, '2025-01-29 11:12:18', '2025-01-29 11:12:18'),
(21, 2, 35, 0, '2025-01-29 11:12:18', '2025-01-29 11:12:18'),
(21, 2, 73, 0, '2025-01-29 11:12:18', '2025-01-29 11:12:18'),
(21, 2, 169, 0, '2025-01-29 11:12:18', '2025-01-29 11:12:18'),
(22, 0, 34, 0, '2025-01-29 11:26:35', '2025-01-29 11:26:35'),
(22, 0, 38, 0, '2025-01-29 11:26:35', '2025-01-29 11:26:35'),
(22, 0, 148, 0, '2025-01-29 11:26:35', '2025-01-29 11:26:35'),
(22, 0, 152, 0, '2025-01-29 11:26:35', '2025-01-29 11:26:35'),
(22, 0, 154, 0, '2025-01-29 11:26:35', '2025-01-29 11:26:35'),
(24, 0, 103, 0, '2025-01-29 11:28:31', '2025-01-29 11:28:31'),
(24, 0, 110, 0, '2025-01-29 11:28:31', '2025-01-29 11:28:31'),
(24, 0, 132, 0, '2025-01-29 11:28:31', '2025-01-29 11:28:31'),
(24, 0, 146, 0, '2025-01-29 11:28:31', '2025-01-29 11:28:31'),
(24, 0, 149, 0, '2025-01-29 11:28:31', '2025-01-29 11:28:31'),
(25, 1, 66, 0, '2025-01-29 11:31:07', '2025-01-29 11:31:07'),
(25, 1, 116, 0, '2025-01-29 11:31:07', '2025-01-29 11:31:07'),
(25, 1, 119, 0, '2025-01-29 11:31:07', '2025-01-29 11:31:07'),
(25, 1, 125, 0, '2025-01-29 11:31:07', '2025-01-29 11:31:07'),
(25, 1, 165, 0, '2025-01-29 11:31:07', '2025-01-29 11:31:07'),
(26, 1, 8, 0, '2025-01-29 11:41:13', '2025-01-29 11:41:13'),
(26, 1, 10, 0, '2025-01-29 11:41:13', '2025-01-29 11:41:13'),
(26, 1, 18, 0, '2025-01-29 11:41:13', '2025-01-29 11:41:13'),
(26, 1, 26, 0, '2025-01-29 11:41:13', '2025-01-29 11:41:13'),
(26, 1, 29, 0, '2025-01-29 11:41:13', '2025-01-29 11:41:13'),
(27, 0, 51, 0, '2025-01-29 15:00:25', '2025-01-29 15:00:25'),
(27, 0, 110, 1, '2025-01-29 15:00:25', '2025-01-29 15:00:25'),
(27, 0, 137, 0, '2025-01-29 15:00:25', '2025-01-29 15:00:25'),
(27, 0, 160, 0, '2025-01-29 15:00:25', '2025-01-29 15:00:25'),
(27, 0, 166, 1, '2025-01-29 15:00:25', '2025-01-29 15:00:25'),
(28, 0, 58, 1, '2025-01-29 15:04:03', '2025-01-29 15:04:03'),
(28, 0, 64, 1, '2025-01-29 15:04:03', '2025-01-29 15:04:03'),
(28, 0, 120, 1, '2025-01-29 15:04:03', '2025-01-29 15:04:03'),
(28, 0, 155, 1, '2025-01-29 15:04:03', '2025-01-29 15:04:03'),
(28, 0, 167, 1, '2025-01-29 15:04:03', '2025-01-29 15:04:03'),
(29, 0, 49, 1, '2025-01-29 15:04:49', '2025-01-29 15:04:49'),
(29, 0, 58, 1, '2025-01-29 15:04:49', '2025-01-29 15:04:49'),
(29, 0, 147, 0, '2025-01-29 15:04:49', '2025-01-29 15:04:49'),
(29, 0, 152, 0, '2025-01-29 15:04:49', '2025-01-29 15:04:49'),
(29, 0, 154, 1, '2025-01-29 15:04:49', '2025-01-29 15:04:49'),
(32, 0, 37, 0, '2025-01-29 15:14:10', '2025-01-29 15:14:10'),
(32, 0, 56, 0, '2025-01-29 15:14:10', '2025-01-29 15:14:10'),
(32, 0, 115, 0, '2025-01-29 15:14:10', '2025-01-29 15:14:10'),
(32, 0, 146, 0, '2025-01-29 15:14:10', '2025-01-29 15:14:10'),
(32, 0, 147, 0, '2025-01-29 15:14:10', '2025-01-29 15:14:10'),
(33, 0, 54, 0, '2025-01-29 15:20:14', '2025-01-29 15:20:14'),
(33, 0, 116, 0, '2025-01-29 15:20:14', '2025-01-29 15:20:14'),
(33, 0, 128, 1, '2025-01-29 15:20:14', '2025-01-29 15:20:14'),
(33, 0, 142, 1, '2025-01-29 15:20:14', '2025-01-29 15:20:14'),
(33, 0, 169, 1, '2025-01-29 15:20:14', '2025-01-29 15:20:14'),
(33, 1, 54, 0, '2025-01-29 15:20:32', '2025-01-29 15:20:32'),
(33, 1, 116, 1, '2025-01-29 15:20:32', '2025-01-29 15:20:32'),
(33, 2, 54, 1, '2025-01-29 15:20:40', '2025-01-29 15:20:40'),
(34, 0, 44, 1, '2025-01-29 15:55:53', '2025-01-29 15:55:53'),
(34, 0, 64, 1, '2025-01-29 15:55:53', '2025-01-29 15:55:53'),
(34, 0, 122, 1, '2025-01-29 15:55:53', '2025-01-29 15:55:53'),
(34, 0, 149, 0, '2025-01-29 15:55:53', '2025-01-29 15:55:53'),
(34, 0, 154, 1, '2025-01-29 15:55:53', '2025-01-29 15:55:53'),
(35, 0, 107, 1, '2025-01-29 15:57:55', '2025-01-29 15:57:55'),
(35, 0, 125, 1, '2025-01-29 15:57:55', '2025-01-29 15:57:55'),
(35, 0, 137, 0, '2025-01-29 15:57:55', '2025-01-29 15:57:55'),
(35, 0, 148, 0, '2025-01-29 15:57:55', '2025-01-29 15:57:55'),
(35, 0, 169, 1, '2025-01-29 15:57:55', '2025-01-29 15:57:55'),
(35, 1, 137, 1, '2025-01-29 16:00:03', '2025-01-29 16:00:03'),
(35, 1, 148, 1, '2025-01-29 16:00:03', '2025-01-29 16:00:03'),
(36, 0, 108, 1, '2025-01-29 16:17:07', '2025-01-29 16:17:07'),
(36, 0, 113, 1, '2025-01-29 16:17:07', '2025-01-29 16:17:07'),
(36, 0, 130, 0, '2025-01-29 16:17:07', '2025-01-29 16:17:07'),
(36, 0, 141, 0, '2025-01-29 16:17:07', '2025-01-29 16:17:07'),
(36, 0, 168, 0, '2025-01-29 16:17:07', '2025-01-29 16:17:07'),
(36, 1, 130, 1, '2025-01-29 16:17:18', '2025-01-29 16:17:18'),
(36, 1, 141, 1, '2025-01-29 16:17:18', '2025-01-29 16:17:18'),
(36, 1, 168, 1, '2025-01-29 16:17:18', '2025-01-29 16:17:18');

-- --------------------------------------------------------

--
-- テーブルの構造 `users`
--

CREATE TABLE `users` (
  `user_id` int NOT NULL,
  `email` varchar(255) NOT NULL,
  `password` varchar(255) NOT NULL,
  `name` varchar(255) NOT NULL,
  `role` varchar(50) NOT NULL DEFAULT 'user',
  `created_at` datetime NOT NULL DEFAULT CURRENT_TIMESTAMP,
  `updated_at` datetime NOT NULL DEFAULT CURRENT_TIMESTAMP ON UPDATE CURRENT_TIMESTAMP
) ENGINE=InnoDB DEFAULT CHARSET=utf8mb4 COLLATE=utf8mb4_0900_ai_ci;

--
-- テーブルのデータのダンプ `users`
--

INSERT INTO `users` (`user_id`, `email`, `password`, `name`, `role`, `created_at`, `updated_at`) VALUES
(1, 'user1@example.com', 'password', 'Alice', 'user', '2025-01-22 10:45:51', '2025-01-22 10:57:40'),
(2, 'user2@example.com', 'hashed_pass_2', 'Bob 22', 'user', '2025-01-22 10:45:51', '2025-01-22 16:17:09'),
(3, 'admin@example.com', 'hashed_pass_3', 'AdminUser', 'admin', '2025-01-22 10:45:51', '2025-01-22 10:45:51'),
(4, 'a@a', '$2y$10$qTwKt.pxe8sMXWK9RQ29Xu9FoUbnr5hIQgHLE27Suygaraxuva11a', 'toma', 'admin', '2025-01-22 11:08:35', '2025-01-22 15:53:34');

-- --------------------------------------------------------

--
-- テーブルの構造 `words`
--

CREATE TABLE `words` (
  `word_id` int NOT NULL,
  `user_id` int NOT NULL,
  `language_code` varchar(10) CHARACTER SET utf8mb4 COLLATE utf8mb4_0900_ai_ci NOT NULL,
  `word` varchar(255) CHARACTER SET utf8mb4 COLLATE utf8mb4_0900_ai_ci NOT NULL,
  `note` varchar(255) CHARACTER SET utf8mb4 COLLATE utf8mb4_0900_ai_ci DEFAULT NULL,
  `created_at` datetime NOT NULL DEFAULT CURRENT_TIMESTAMP,
  `updated_at` datetime NOT NULL DEFAULT CURRENT_TIMESTAMP ON UPDATE CURRENT_TIMESTAMP
) ENGINE=InnoDB DEFAULT CHARSET=utf8mb4 COLLATE=utf8mb4_0900_ai_ci;

--
-- テーブルのデータのダンプ `words`
--

INSERT INTO `words` (`word_id`, `user_id`, `language_code`, `word`, `note`, `created_at`, `updated_at`) VALUES
(1, 4, 'en', 'hello', NULL, '2025-01-22 10:45:51', '2025-01-28 16:13:49'),
(2, 4, 'en', 'thank you', NULL, '2025-01-22 10:45:51', '2025-01-28 16:13:49'),
(3, 4, 'en', 'goodbye', NULL, '2025-01-22 10:45:51', '2025-01-28 16:13:49'),
(4, 4, 'en', 'yes', NULL, '2025-01-22 10:45:51', '2025-01-28 16:13:49'),
(5, 4, 'en', 'no', NULL, '2025-01-22 10:45:51', '2025-01-28 16:13:49'),
(6, 4, 'en', 'please', NULL, '2025-01-22 10:45:51', '2025-01-28 16:13:49'),
(7, 4, 'en', 'sorry', NULL, '2025-01-22 10:45:51', '2025-01-28 16:13:49'),
(8, 4, 'en', 'excuse me', NULL, '2025-01-22 10:45:51', '2025-01-28 16:13:49'),
(9, 4, 'en', 'good morning', NULL, '2025-01-22 10:45:51', '2025-01-28 16:13:49'),
(10, 4, 'en', 'good night', NULL, '2025-01-22 10:45:51', '2025-01-28 16:13:49'),
(11, 4, 'en', 'cat', NULL, '2025-01-22 10:45:51', '2025-01-28 16:13:49'),
(12, 4, 'en', 'dog', NULL, '2025-01-22 10:45:51', '2025-01-28 16:13:49'),
(13, 4, 'en', 'bird', NULL, '2025-01-22 10:45:51', '2025-01-28 16:13:49'),
(14, 4, 'en', 'car', NULL, '2025-01-22 10:45:51', '2025-01-28 16:13:49'),
(15, 4, 'en', 'bicycle', NULL, '2025-01-22 10:45:51', '2025-01-28 16:13:49'),
(16, 4, 'en', 'house', NULL, '2025-01-22 10:45:51', '2025-01-28 16:13:49'),
(17, 4, 'en', 'school', NULL, '2025-01-22 10:45:51', '2025-01-28 16:13:49'),
(18, 4, 'en', 'market', NULL, '2025-01-22 10:45:51', '2025-01-28 16:13:49'),
(19, 4, 'en', 'hospital', NULL, '2025-01-22 10:45:51', '2025-01-28 16:13:49'),
(20, 4, 'en', 'water', NULL, '2025-01-22 10:45:51', '2025-01-28 16:13:49'),
(21, 4, 'en', 'food', NULL, '2025-01-22 10:45:51', '2025-01-28 16:13:49'),
(22, 4, 'en', 'rice', NULL, '2025-01-22 10:45:51', '2025-01-28 16:13:49'),
(23, 4, 'en', 'fish', NULL, '2025-01-22 10:45:51', '2025-01-28 16:13:49'),
(24, 4, 'en', 'meat', NULL, '2025-01-22 10:45:51', '2025-01-28 16:13:49'),
(25, 4, 'en', 'apple', NULL, '2025-01-22 10:45:51', '2025-01-28 16:13:49'),
(26, 4, 'en', 'banana', NULL, '2025-01-22 10:45:51', '2025-01-28 16:13:49'),
(27, 4, 'en', 'orange', NULL, '2025-01-22 10:45:51', '2025-01-28 16:13:49'),
(28, 4, 'en', 'book', NULL, '2025-01-22 10:45:51', '2025-01-28 16:13:49'),
(29, 4, 'en', 'pen', NULL, '2025-01-22 10:45:51', '2025-01-28 16:13:49'),
(30, 4, 'en', 'bag', NULL, '2025-01-22 10:45:51', '2025-01-28 16:13:49'),
(31, 4, 'en', 'table', NULL, '2025-01-22 10:45:51', '2025-01-28 16:13:49'),
(32, 4, 'en', 'chair', NULL, '2025-01-22 10:45:51', '2025-01-28 16:13:49'),
(33, 4, 'en', 'computer', NULL, '2025-01-22 10:45:51', '2025-01-28 16:13:49'),
(34, 4, 'vi', 'xin chào', NULL, '2025-01-22 10:45:51', '2025-01-28 16:13:49'),
(35, 4, 'vi', 'cảm ơn', NULL, '2025-01-22 10:45:51', '2025-01-28 16:13:49'),
(36, 4, 'vi', 'tạm biệt', NULL, '2025-01-22 10:45:51', '2025-01-28 16:13:49'),
(37, 4, 'vi', 'vâng', NULL, '2025-01-22 10:45:51', '2025-01-28 16:13:49'),
(38, 4, 'vi', 'không', NULL, '2025-01-22 10:45:51', '2025-01-28 16:13:49'),
(39, 4, 'vi', 'làm ơn', NULL, '2025-01-22 10:45:51', '2025-01-28 16:13:49'),
(40, 4, 'vi', 'xin lỗi', NULL, '2025-01-22 10:45:51', '2025-01-28 16:13:49'),
(41, 4, 'vi', 'xin phép', NULL, '2025-01-22 10:45:51', '2025-01-28 16:13:49'),
(42, 4, 'vi', 'chào buổi sáng', NULL, '2025-01-22 10:45:51', '2025-01-28 16:13:49'),
(43, 4, 'vi', 'chúc ngủ ngon', NULL, '2025-01-22 10:45:51', '2025-01-28 16:13:49'),
(44, 4, 'vi', 'con mèo', NULL, '2025-01-22 10:45:51', '2025-01-28 16:13:49'),
(45, 4, 'vi', 'con chó', NULL, '2025-01-22 10:45:51', '2025-01-28 16:13:49'),
(46, 4, 'vi', 'con chim', NULL, '2025-01-22 10:45:51', '2025-01-28 16:13:49'),
(47, 4, 'vi', 'xe hơi', NULL, '2025-01-22 10:45:51', '2025-01-28 16:13:49'),
(48, 4, 'vi', 'xe đạp', NULL, '2025-01-22 10:45:51', '2025-01-28 16:13:49'),
(49, 4, 'vi', 'ngôi nhà', NULL, '2025-01-22 10:45:51', '2025-01-28 16:13:49'),
(50, 4, 'vi', 'trường học', NULL, '2025-01-22 10:45:51', '2025-01-28 16:13:49'),
(51, 4, 'vi', 'chợ', NULL, '2025-01-22 10:45:51', '2025-01-28 16:13:49'),
(52, 4, 'vi', 'bệnh viện', NULL, '2025-01-22 10:45:51', '2025-01-28 16:13:49'),
(53, 4, 'vi', 'nước', NULL, '2025-01-22 10:45:51', '2025-01-28 16:13:49'),
(54, 4, 'vi', 'thức ăn', NULL, '2025-01-22 10:45:51', '2025-01-28 16:13:49'),
(55, 4, 'vi', 'gạo', NULL, '2025-01-22 10:45:51', '2025-01-28 16:13:49'),
(56, 4, 'vi', 'cá', NULL, '2025-01-22 10:45:51', '2025-01-28 16:13:49'),
(57, 4, 'vi', 'thịt', NULL, '2025-01-22 10:45:51', '2025-01-28 16:13:49'),
(58, 4, 'vi', 'táo', NULL, '2025-01-22 10:45:51', '2025-01-28 16:13:49'),
(59, 4, 'vi', 'chuối', NULL, '2025-01-22 10:45:51', '2025-01-28 16:13:49'),
(60, 4, 'vi', 'cam', NULL, '2025-01-22 10:45:51', '2025-01-28 16:13:49'),
(61, 4, 'vi', 'quyển sách', NULL, '2025-01-22 10:45:51', '2025-01-28 16:13:49'),
(62, 4, 'vi', 'cây bút', NULL, '2025-01-22 10:45:51', '2025-01-28 16:13:49'),
(63, 4, 'vi', 'cái túi', NULL, '2025-01-22 10:45:51', '2025-01-28 16:13:49'),
(64, 4, 'vi', 'cái bàn', NULL, '2025-01-22 10:45:51', '2025-01-28 16:13:49'),
(65, 4, 'vi', 'cái ghế', NULL, '2025-01-22 10:45:51', '2025-01-28 16:13:49'),
(66, 4, 'vi', 'máy tính', NULL, '2025-01-22 10:45:51', '2025-01-28 16:13:49'),
(67, 4, 'ja', 'こんにちは', NULL, '2025-01-22 10:45:51', '2025-01-28 16:13:49'),
(68, 4, 'ja', 'ありがとう', NULL, '2025-01-22 10:45:51', '2025-01-28 16:13:49'),
(69, 4, 'ja', 'さようなら', NULL, '2025-01-22 10:45:51', '2025-01-28 16:13:49'),
(70, 4, 'ja', 'はい', NULL, '2025-01-22 10:45:51', '2025-01-28 16:13:49'),
(71, 4, 'ja', 'いいえ', NULL, '2025-01-22 10:45:51', '2025-01-28 16:13:49'),
(72, 4, 'ja', 'お願いします', NULL, '2025-01-22 10:45:51', '2025-01-28 16:13:49'),
(73, 4, 'ja', 'すみません', NULL, '2025-01-22 10:45:51', '2025-01-28 16:13:49'),
(74, 4, 'ja', '失礼します', NULL, '2025-01-22 10:45:51', '2025-01-28 16:13:49'),
(75, 4, 'ja', 'おはよう', NULL, '2025-01-22 10:45:51', '2025-01-28 16:13:49'),
(76, 4, 'ja', 'おやすみなさい', NULL, '2025-01-22 10:45:51', '2025-01-28 16:13:49'),
(77, 4, 'ja', '猫', NULL, '2025-01-22 10:45:51', '2025-01-28 16:13:49'),
(78, 4, 'ja', '犬', NULL, '2025-01-22 10:45:51', '2025-01-28 16:13:49'),
(79, 4, 'ja', '鳥', NULL, '2025-01-22 10:45:51', '2025-01-28 16:13:49'),
(80, 4, 'ja', '車', NULL, '2025-01-22 10:45:51', '2025-01-28 16:13:49'),
(81, 4, 'ja', '自転車', NULL, '2025-01-22 10:45:51', '2025-01-28 16:13:49'),
(82, 4, 'ja', '家', NULL, '2025-01-22 10:45:51', '2025-01-28 16:13:49'),
(83, 4, 'ja', '学校', NULL, '2025-01-22 10:45:51', '2025-01-28 16:13:49'),
(84, 4, 'ja', '市場', NULL, '2025-01-22 10:45:51', '2025-01-28 16:13:49'),
(85, 4, 'ja', '病院', NULL, '2025-01-22 10:45:51', '2025-01-28 16:13:49'),
(86, 4, 'ja', '水', NULL, '2025-01-22 10:45:51', '2025-01-28 16:13:49'),
(87, 4, 'ja', '食べ物', NULL, '2025-01-22 10:45:51', '2025-01-28 16:13:49'),
(88, 4, 'ja', 'ご飯', NULL, '2025-01-22 10:45:51', '2025-01-28 16:13:49'),
(89, 4, 'ja', '魚', NULL, '2025-01-22 10:45:51', '2025-01-28 16:13:49'),
(90, 4, 'ja', '肉', NULL, '2025-01-22 10:45:51', '2025-01-28 16:13:49'),
(91, 4, 'ja', 'りんご', NULL, '2025-01-22 10:45:51', '2025-01-28 16:13:49'),
(92, 4, 'ja', 'バナナ', NULL, '2025-01-22 10:45:51', '2025-01-28 16:13:49'),
(93, 4, 'ja', 'オレンジ', NULL, '2025-01-22 10:45:51', '2025-01-28 16:13:49'),
(94, 4, 'ja', '本', NULL, '2025-01-22 10:45:51', '2025-01-28 16:13:49'),
(95, 4, 'ja', 'ペン', NULL, '2025-01-22 10:45:51', '2025-01-28 16:13:49'),
(96, 4, 'ja', 'かばん', NULL, '2025-01-22 10:45:51', '2025-01-28 16:13:49'),
(97, 4, 'ja', '机', '机ですね', '2025-01-22 10:45:51', '2025-01-28 16:13:49'),
(98, 4, 'ja', 'いす', NULL, '2025-01-22 10:45:51', '2025-01-28 16:13:49'),
(99, 4, 'ja', 'パソコン', NULL, '2025-01-22 10:45:51', '2025-01-28 16:13:49'),
(100, 4, 'ja', '愛', NULL, '2025-01-22 10:45:51', '2025-01-28 16:13:49'),
(101, 4, 'vi', 'te', 'te', '2025-01-27 11:51:44', '2025-01-28 16:13:49'),
(102, 4, 'vi', 'hòa bình', 'ピンフとは読まない', '2025-01-27 14:06:33', '2025-01-28 16:13:49'),
(103, 4, 'vi', 'hoa hồng', '関連: hoa (花), màu đỏ (赤)', '2025-01-27 15:49:47', '2025-01-28 16:13:49'),
(104, 4, 'vi', 'mặt trời', '関連: ánh sáng (光), ban ngày (昼間)', '2025-01-27 15:49:47', '2025-01-28 16:13:49'),
(105, 4, 'vi', 'giáo viên', '関連: trường học (学校), học sinh (生徒)', '2025-01-27 15:49:47', '2025-01-28 16:13:49'),
(106, 4, 'vi', 'thức ăn', '関連: nhà bếp (台所), nấu ăn (料理)', '2025-01-27 15:49:47', '2025-01-28 16:13:49'),
(107, 4, 'vi', 'con mèo', '関連: thú cưng (ペット), con chó (犬)', '2025-01-27 15:49:47', '2025-01-28 16:13:49'),
(108, 4, 'vi', 'nước', '関連: uống (飲む), khát (喉が渇く)', '2025-01-27 15:49:47', '2025-01-28 16:13:49'),
(109, 4, 'vi', 'tình yêu', '関連: cảm xúc (感情), hạnh phúc (幸せ)', '2025-01-27 15:49:47', '2025-01-28 16:13:49'),
(110, 4, 'vi', 'cái ghế', '関連: cái bàn (テーブル), ngồi (座る)', '2025-01-27 15:49:47', '2025-01-28 16:13:49'),
(111, 4, 'vi', 'bầu trời', '関連: mây (雲), mặt trời (太陽)', '2025-01-27 15:49:47', '2025-01-28 16:13:49'),
(112, 4, 'vi', 'ngọn núi', '関連: leo núi (登山), thiên nhiên (自然)', '2025-01-27 15:49:47', '2025-01-28 16:13:49'),
(113, 4, 'vi', 'cái bàn', '関連: học tập (勉強), làm việc (仕事)', '2025-01-27 15:49:47', '2025-01-28 16:13:49'),
(114, 4, 'vi', 'bệnh viện', '関連: bác sĩ (医者), y tá (看護師)', '2025-01-27 15:49:47', '2025-01-28 16:13:49'),
(115, 4, 'vi', 'ngôi nhà', '関連: gia đình (家族), sống (住む)', '2025-01-27 15:49:47', '2025-01-28 16:13:49'),
(116, 4, 'vi', 'trường học', '関連: học sinh (生徒), bài học (授業)', '2025-01-27 15:49:47', '2025-01-28 16:13:49'),
(117, 4, 'vi', 'xe đạp', '関連: đi lại (移動), đường phố (道路)', '2025-01-27 15:49:47', '2025-01-28 16:13:49'),
(118, 4, 'vi', 'quyển sách', '関連: đọc (読む), thư viện (図書館)', '2025-01-27 15:49:47', '2025-01-28 16:13:49'),
(119, 4, 'vi', 'máy tính', '関連: công nghệ (技術), lập trình (プログラミング)', '2025-01-27 15:49:47', '2025-01-28 16:13:49'),
(120, 4, 'vi', 'cá', '関連: biển (海), thực phẩm (食品)', '2025-01-27 15:49:47', '2025-01-28 16:13:49'),
(121, 4, 'vi', 'thịt', '関連: bữa ăn (食事), nấu ăn (料理)', '2025-01-27 15:49:47', '2025-01-28 16:13:49'),
(122, 4, 'vi', 'chợ', '関連: mua sắm (買い物), thực phẩm (食品)', '2025-01-27 15:49:47', '2025-01-28 16:13:49'),
(123, 4, 'vi', 'bánh mì', '関連: ăn sáng (朝食), tiệm bánh (パン屋)', '2025-01-27 15:49:47', '2025-01-28 16:13:49'),
(124, 4, 'vi', 'trà', '関連: uống (飲む), buổi sáng (朝)', '2025-01-27 15:49:47', '2025-01-28 16:13:49'),
(125, 4, 'vi', 'cà phê', '関連: buổi sáng (朝), năng lượng (エネルギー)', '2025-01-27 15:49:47', '2025-01-28 16:13:49'),
(126, 4, 'vi', 'quần áo', '関連: mặc (着る), thời trang (ファッション)', '2025-01-27 15:49:47', '2025-01-28 16:13:49'),
(127, 4, 'vi', 'giày', '関連: đi bộ (歩く), thời trang (ファッション)', '2025-01-27 15:49:47', '2025-01-28 16:13:49'),
(128, 4, 'vi', 'điện thoại', '関連: gọi (電話する), nhắn tin (メッセージ)', '2025-01-27 15:49:47', '2025-01-28 16:13:49'),
(129, 4, 'vi', 'máy ảnh', '関連: chụp ảnh (写真を撮る), kỷ niệm (思い出)', '2025-01-27 15:49:47', '2025-01-28 16:13:49'),
(130, 4, 'vi', 'xe hơi', '関連: lái xe (運転), giao thông (交通)', '2025-01-27 15:49:47', '2025-01-28 16:13:49'),
(131, 4, 'vi', 'bữa tiệc', '関連: bạn bè (友達), vui vẻ (楽しい)', '2025-01-27 15:49:47', '2025-01-28 16:13:49'),
(132, 4, 'vi', 'sông', '関連: nước (水), bơi (泳ぐ)', '2025-01-27 15:49:47', '2025-01-28 16:13:49'),
(133, 4, 'vi', 'biển', '関連: cát (砂), nghỉ hè (夏休み)', '2025-01-27 15:49:47', '2025-01-28 16:13:49'),
(134, 4, 'vi', 'lá cây', '関連: cây (木), màu xanh (緑色)', '2025-01-27 15:49:47', '2025-01-28 16:13:49'),
(135, 4, 'vi', 'ngọn đèn', '関連: ánh sáng (光), ban đêm (夜)', '2025-01-27 15:49:47', '2025-01-28 16:13:49'),
(136, 4, 'vi', 'trái táo', '関連: ăn (食べる), trái cây (果物)', '2025-01-27 15:49:47', '2025-01-28 16:13:49'),
(137, 4, 'vi', 'trái cam', '関連: vitamin C, nước trái cây (ジュース)', '2025-01-27 15:49:47', '2025-01-28 16:13:49'),
(138, 4, 'vi', 'trái chuối', '関連: ngọt (甘い), đồ ăn nhẹ (軽食)', '2025-01-27 15:49:47', '2025-01-28 16:13:49'),
(139, 4, 'vi', 'trái dưa hấu', '関連: mùa hè (夏), giải khát (清涼)', '2025-01-27 15:49:47', '2025-01-28 16:13:49'),
(140, 4, 'vi', 'đồng hồ', '関連: thời gian (時間), đeo tay (腕に着ける)', '2025-01-27 15:49:47', '2025-01-28 16:13:49'),
(141, 4, 'vi', 'kính', '関連: mắt (目), nhìn (見る)', '2025-01-27 15:49:47', '2025-01-28 16:13:49'),
(142, 4, 'vi', 'mũ', '関連: đầu (頭), bảo vệ (保護)', '2025-01-27 15:49:47', '2025-01-28 16:13:49'),
(143, 4, 'vi', 'găng tay', '関連: lạnh (寒い), tay (手)', '2025-01-27 15:49:47', '2025-01-28 16:13:49'),
(144, 4, 'vi', 'bác sĩ', '関連: sức khỏe (健康), khám bệnh (診察)', '2025-01-27 15:49:47', '2025-01-28 16:13:49'),
(145, 4, 'vi', 'y tá', '関連: bệnh viện (病院), chăm sóc (世話)', '2025-01-27 15:49:47', '2025-01-28 16:13:49'),
(146, 4, 'vi', 'công viên', '関連: cây cối (木々), đi dạo (散歩)', '2025-01-27 15:49:47', '2025-01-28 16:13:49'),
(147, 4, 'vi', 'trái tim', '関連: yêu thương (愛情), cảm xúc (感情)', '2025-01-27 15:49:47', '2025-01-28 16:13:49'),
(148, 4, 'vi', 'tóc', '関連: gội (洗う), dài (長い)', '2025-01-27 15:49:47', '2025-01-28 16:13:49'),
(149, 4, 'vi', 'màu xanh', '関連: trời (空), nước (水)', '2025-01-27 15:49:47', '2025-01-28 16:13:49'),
(150, 4, 'vi', 'màu đỏ', '関連: tình yêu (愛), hoa (花)', '2025-01-27 15:49:47', '2025-01-28 16:13:49'),
(151, 4, 'vi', 'màu vàng', '関連: mặt trời (太陽), mùa hè (夏)', '2025-01-27 15:49:47', '2025-01-28 16:13:49'),
(152, 4, 'vi', 'màu trắng', '関連: tuyết (雪), sạch (清潔)', '2025-01-27 15:49:47', '2025-01-28 16:13:49'),
(153, 4, 'vi', 'màu đen', '関連: đêm (夜), bí ẩn (ミステリー)', '2025-01-27 15:49:47', '2025-01-28 16:13:49'),
(154, 4, 'vi', 'trời mưa', '関連: nước (水), ô (傘)', '2025-01-27 15:49:47', '2025-01-28 16:13:49'),
(155, 4, 'vi', 'ngủ', '関連: giường (ベッド), nghỉ ngơi (休息)', '2025-01-27 15:49:47', '2025-01-28 16:13:49'),
(156, 4, 'vi', 'chơi', '関連: bạn bè (友達), giải trí (娯楽)', '2025-01-27 15:49:47', '2025-01-28 16:13:49'),
(157, 4, 'vi', 'học', '関連: sách (本), trường (学校)', '2025-01-27 15:49:47', '2025-01-28 16:13:49'),
(158, 4, 'vi', 'làm việc', '関連: văn phòng (オフィス), công ty (会社)', '2025-01-27 15:49:47', '2025-01-28 16:13:49'),
(159, 4, 'vi', 'thư', '関連: bưu điện (郵便局), gửi (送る)', '2025-01-27 15:49:47', '2025-01-28 16:13:49'),
(160, 4, 'vi', 'câu cá', '関連: sông (川), cần câu (釣り竿)', '2025-01-27 15:49:47', '2025-01-28 16:13:49'),
(161, 4, 'vi', 'chạy', '関連: thể thao (スポーツ), nhanh (速い)', '2025-01-27 15:49:47', '2025-01-28 16:13:49'),
(162, 4, 'vi', 'hát', '関連: âm nhạc (音楽), giọng (声)', '2025-01-27 15:49:47', '2025-01-28 16:13:49'),
(163, 4, 'vi', 'đàn guitar', '関連: nhạc cụ (楽器), bài hát (歌)', '2025-01-27 15:49:47', '2025-01-28 16:13:49'),
(164, 4, 'vi', 'máy bay', '関連: bầu trời (空), du lịch (旅行)', '2025-01-27 15:49:47', '2025-01-28 16:13:49'),
(165, 4, 'vi', 'thuyền', '関連: biển (海), nước (水)', '2025-01-27 15:49:47', '2025-01-28 16:13:49'),
(166, 4, 'vi', 'mùa xuân', '関連: hoa (花), thời tiết (天気)', '2025-01-27 15:49:47', '2025-01-28 16:13:49'),
(167, 4, 'vi', 'mùa hè', '関連: nắng (日差し), biển (海)', '2025-01-27 15:49:47', '2025-01-28 16:13:49'),
(168, 4, 'vi', 'mùa thu', '関連: lá vàng (黄色い葉), gió (風)', '2025-01-27 15:49:47', '2025-01-28 16:13:49'),
(169, 4, 'vi', 'mùa đông', '関連: tuyết (雪), lạnh (寒い)', '2025-01-27 15:49:47', '2025-01-28 16:13:49'),
(170, 4, 'vi', 'mực', 'イカ', '2025-01-28 15:29:09', '2025-01-28 15:29:09'),
(171, 1, 'vi', 'hai thập kỷ', '', '2025-02-04 16:56:30', '2025-02-04 17:18:58'),
(172, 1, 'vi', 'dịch', '', '2025-02-04 16:56:37', '2025-02-04 17:18:53'),
(173, 1, 'vi', 'sử thi', '', '2025-02-04 16:56:41', '2025-02-04 17:18:50'),
(174, 1, 'vi', 'Tây Nguyên', '', '2025-02-04 16:56:45', '2025-02-04 17:18:46'),
(175, 1, 'vi', 'Thủ tướng', '', '2025-02-04 17:12:20', '2025-02-04 17:18:41'),
(176, 1, 'vi', 'cán bộ', '', '2025-02-04 17:12:28', '2025-02-04 17:18:39'),
(177, 1, 'vi', 'công chức', '', '2025-02-04 17:12:35', '2025-02-04 17:18:35'),
(178, 1, 'vi', 'viên chức', '', '2025-02-04 17:12:41', '2025-02-04 17:18:33'),
(179, 1, 'vi', 'cơ quan hành chính nhà nước', '\"Cơ quan\"：機関、組織 \"Hành chính\"：行政 \"Nhà nước\"：国家', '2025-02-04 17:15:20', '2025-02-04 17:18:30'),
(180, 1, 'vi', 'du xuân', '\"Du\"：遊ぶ、旅行する　\"Xuân\"：春　ベトナムでは、旧正月（Tết, テト） の期間中に家族や友人と一緒に 寺院や観光地を訪れる伝統的な習慣 があります。これが「du xuân（春遊び）」と呼ばれています。', '2025-02-04 17:17:10', '2025-02-04 17:18:28'),
(181, 1, 'vi', 'chúc Tết', '', '2025-02-04 17:17:16', '2025-02-04 17:18:25'),
(182, 1, 'vi', 'trong giờ làm việc', '', '2025-02-04 17:17:58', '2025-02-04 17:18:20'),
(183, 1, 'vi', 'bài', '', '2025-02-06 16:17:10', '2025-02-06 16:17:10'),
(184, 1, 'vi', 'con cháu', '', '2025-02-06 16:18:15', '2025-02-06 16:18:15');

-- --------------------------------------------------------

--
-- テーブルの構造 `word_statistics`
--

CREATE TABLE `word_statistics` (
  `word_id` int NOT NULL,
  `test_count` int NOT NULL DEFAULT '0',
  `correct_count` int NOT NULL DEFAULT '0',
  `wrong_count` int NOT NULL DEFAULT '0',
  `accuracy_rate` decimal(5,2) DEFAULT '0.00',
  `first_test_date` datetime DEFAULT NULL,
  `last_test_date` datetime DEFAULT NULL,
  `last_result` tinyint(1) DEFAULT NULL,
  `created_at` datetime NOT NULL DEFAULT CURRENT_TIMESTAMP,
  `updated_at` datetime NOT NULL DEFAULT CURRENT_TIMESTAMP ON UPDATE CURRENT_TIMESTAMP
) ENGINE=InnoDB DEFAULT CHARSET=utf8mb4 COLLATE=utf8mb4_0900_ai_ci;

--
-- テーブルのデータのダンプ `word_statistics`
--

INSERT INTO `word_statistics` (`word_id`, `test_count`, `correct_count`, `wrong_count`, `accuracy_rate`, `first_test_date`, `last_test_date`, `last_result`, `created_at`, `updated_at`) VALUES
(2, 1, 0, 1, 0.00, '2025-01-27 17:07:14', '2025-01-27 17:07:14', 0, '2025-01-27 17:07:14', '2025-01-27 17:07:14'),
(8, 1, 0, 1, 0.00, '2025-01-29 11:41:13', '2025-01-29 11:41:13', 0, '2025-01-29 11:41:13', '2025-01-29 11:41:13'),
(10, 2, 1, 1, 50.00, '2025-01-27 17:07:14', '2025-01-29 11:41:13', 1, '2025-01-27 17:07:14', '2025-01-29 11:41:13'),
(14, 1, 0, 1, 0.00, '2025-01-27 17:07:14', '2025-01-27 17:07:14', 0, '2025-01-27 17:07:14', '2025-01-27 17:07:14'),
(18, 1, 1, 0, 100.00, '2025-01-29 11:41:13', '2025-01-29 11:41:13', 1, '2025-01-29 11:41:13', '2025-01-29 11:41:13'),
(20, 1, 0, 1, 0.00, '2025-01-27 17:07:14', '2025-01-27 17:07:14', 0, '2025-01-27 17:07:14', '2025-01-27 17:07:14'),
(24, 1, 0, 1, 0.00, '2025-01-27 17:07:14', '2025-01-27 17:07:14', 0, '2025-01-27 17:07:14', '2025-01-27 17:07:14'),
(26, 1, 0, 1, 0.00, '2025-01-29 11:41:13', '2025-01-29 11:41:13', 0, '2025-01-29 11:41:13', '2025-01-29 11:41:13'),
(29, 1, 1, 0, 100.00, '2025-01-29 11:41:13', '2025-01-29 11:41:13', 1, '2025-01-29 11:41:13', '2025-01-29 11:41:13'),
(32, 1, 1, 0, 100.00, '2025-01-29 11:12:18', '2025-01-29 11:12:18', 1, '2025-01-29 11:12:18', '2025-01-29 11:12:18'),
(33, 1, 1, 0, 100.00, '2025-01-29 11:12:18', '2025-01-29 11:12:18', 1, '2025-01-29 11:12:18', '2025-01-29 11:12:18'),
(34, 1, 0, 1, 0.00, '2025-01-29 11:26:35', '2025-01-29 11:26:35', 0, '2025-01-29 11:26:35', '2025-01-29 11:26:35'),
(35, 1, 1, 0, 100.00, '2025-01-29 11:12:18', '2025-01-29 11:12:18', 1, '2025-01-29 11:12:18', '2025-01-29 11:12:18'),
(37, 2, 0, 2, 0.00, '2025-01-28 16:39:38', '2025-01-29 15:14:10', 0, '2025-01-28 16:39:38', '2025-01-29 15:14:10'),
(38, 2, 1, 1, 50.00, '2025-01-27 17:06:23', '2025-01-29 11:26:35', 0, '2025-01-27 17:06:23', '2025-01-29 11:26:35'),
(40, 1, 0, 1, 0.00, '2025-01-29 10:20:08', '2025-01-29 10:20:08', 0, '2025-01-29 10:20:08', '2025-01-29 10:20:08'),
(43, 2, 0, 2, 0.00, '2025-01-28 18:45:02', '2025-01-28 18:49:23', 0, '2025-01-28 18:45:02', '2025-01-28 18:49:23'),
(44, 3, 2, 1, 66.67, '2025-01-28 16:39:38', '2025-01-29 15:55:53', 1, '2025-01-28 16:39:38', '2025-01-29 15:55:53'),
(45, 3, 0, 3, 0.00, '2025-01-28 18:45:02', '2025-01-29 11:05:24', 0, '2025-01-28 18:45:02', '2025-01-29 11:05:24'),
(48, 1, 0, 1, 0.00, '2025-01-29 11:12:06', '2025-01-29 11:12:06', 0, '2025-01-29 11:12:06', '2025-01-29 11:12:06'),
(49, 1, 1, 0, 100.00, '2025-01-29 15:04:49', '2025-01-29 15:04:49', 1, '2025-01-29 15:04:49', '2025-01-29 15:04:49'),
(51, 3, 2, 1, 66.67, '2025-01-29 10:20:37', '2025-01-29 15:00:25', 0, '2025-01-29 10:20:37', '2025-01-29 15:00:25'),
(52, 1, 1, 0, 100.00, '2025-01-27 17:06:23', '2025-01-27 17:06:23', 1, '2025-01-27 17:06:23', '2025-01-27 17:06:23'),
(54, 4, 1, 3, 25.00, '2025-01-29 09:59:18', '2025-01-29 15:20:40', 1, '2025-01-29 09:59:18', '2025-01-29 15:20:40'),
(55, 2, 0, 2, 0.00, '2025-01-29 09:59:18', '2025-01-29 10:20:08', 0, '2025-01-29 09:59:18', '2025-01-29 10:20:08'),
(56, 3, 2, 1, 66.67, '2025-01-29 10:20:37', '2025-01-29 15:14:10', 0, '2025-01-29 10:20:37', '2025-01-29 15:14:10'),
(58, 2, 2, 0, 100.00, '2025-01-29 15:04:03', '2025-01-29 15:04:49', 1, '2025-01-29 15:04:03', '2025-01-29 15:04:49'),
(62, 1, 1, 0, 100.00, '2025-01-29 09:59:18', '2025-01-29 09:59:18', 1, '2025-01-29 09:59:18', '2025-01-29 09:59:18'),
(63, 1, 0, 1, 0.00, '2025-01-29 11:12:06', '2025-01-29 11:12:06', 0, '2025-01-29 11:12:06', '2025-01-29 11:12:06'),
(64, 3, 2, 1, 66.67, '2025-01-29 10:16:42', '2025-01-29 15:55:53', 1, '2025-01-29 10:16:42', '2025-01-29 15:55:53'),
(66, 1, 0, 1, 0.00, '2025-01-29 11:31:07', '2025-01-29 11:31:07', 0, '2025-01-29 11:31:07', '2025-01-29 11:31:07'),
(70, 1, 0, 1, 0.00, '2025-01-29 11:09:50', '2025-01-29 11:09:50', 0, '2025-01-29 11:09:50', '2025-01-29 11:09:50'),
(73, 1, 1, 0, 100.00, '2025-01-29 11:12:18', '2025-01-29 11:12:18', 1, '2025-01-29 11:12:18', '2025-01-29 11:12:18'),
(77, 1, 0, 1, 0.00, '2025-01-29 11:09:50', '2025-01-29 11:09:50', 0, '2025-01-29 11:09:50', '2025-01-29 11:09:50'),
(83, 1, 0, 1, 0.00, '2025-01-29 11:09:50', '2025-01-29 11:09:50', 0, '2025-01-29 11:09:50', '2025-01-29 11:09:50'),
(84, 1, 0, 1, 0.00, '2025-01-29 11:09:50', '2025-01-29 11:09:50', 0, '2025-01-29 11:09:50', '2025-01-29 11:09:50'),
(85, 1, 0, 1, 0.00, '2025-01-29 11:12:06', '2025-01-29 11:12:06', 0, '2025-01-29 11:12:06', '2025-01-29 11:12:06'),
(96, 1, 0, 1, 0.00, '2025-01-29 11:09:50', '2025-01-29 11:09:50', 0, '2025-01-29 11:09:50', '2025-01-29 11:09:50'),
(103, 3, 2, 1, 66.67, '2025-01-29 10:20:37', '2025-01-29 11:28:31', 0, '2025-01-29 10:20:37', '2025-01-29 11:28:31'),
(107, 1, 1, 0, 100.00, '2025-01-29 15:57:55', '2025-01-29 15:57:55', 1, '2025-01-29 15:57:55', '2025-01-29 15:57:55'),
(108, 1, 1, 0, 100.00, '2025-01-29 16:17:07', '2025-01-29 16:17:07', 1, '2025-01-29 16:17:07', '2025-01-29 16:17:07'),
(110, 3, 1, 2, 33.33, '2025-01-29 11:05:24', '2025-01-29 15:00:25', 1, '2025-01-29 11:05:24', '2025-01-29 15:00:25'),
(113, 3, 1, 2, 33.33, '2025-01-28 18:45:02', '2025-01-29 16:17:07', 1, '2025-01-28 18:45:02', '2025-01-29 16:17:07'),
(115, 1, 0, 1, 0.00, '2025-01-29 15:14:10', '2025-01-29 15:14:10', 0, '2025-01-29 15:14:10', '2025-01-29 15:14:10'),
(116, 3, 2, 1, 66.67, '2025-01-29 11:31:07', '2025-01-29 15:20:32', 1, '2025-01-29 11:31:07', '2025-01-29 15:20:32'),
(117, 2, 0, 2, 0.00, '2025-01-28 16:39:38', '2025-01-29 11:12:06', 0, '2025-01-28 16:39:38', '2025-01-29 11:12:06'),
(118, 1, 0, 1, 0.00, '2025-01-29 10:16:42', '2025-01-29 10:16:42', 0, '2025-01-29 10:16:42', '2025-01-29 10:16:42'),
(119, 1, 0, 1, 0.00, '2025-01-29 11:31:07', '2025-01-29 11:31:07', 0, '2025-01-29 11:31:07', '2025-01-29 11:31:07'),
(120, 1, 1, 0, 100.00, '2025-01-29 15:04:03', '2025-01-29 15:04:03', 1, '2025-01-29 15:04:03', '2025-01-29 15:04:03'),
(122, 1, 1, 0, 100.00, '2025-01-29 15:55:53', '2025-01-29 15:55:53', 1, '2025-01-29 15:55:53', '2025-01-29 15:55:53'),
(123, 2, 1, 1, 50.00, '2025-01-27 17:06:23', '2025-01-29 11:05:24', 0, '2025-01-27 17:06:23', '2025-01-29 11:05:24'),
(125, 2, 1, 1, 50.00, '2025-01-29 11:31:07', '2025-01-29 15:57:55', 1, '2025-01-29 11:31:07', '2025-01-29 15:57:55'),
(128, 5, 1, 4, 20.00, '2025-01-28 18:45:02', '2025-01-29 15:20:14', 1, '2025-01-28 18:45:02', '2025-01-29 15:20:14'),
(130, 2, 1, 1, 50.00, '2025-01-29 16:17:07', '2025-01-29 16:17:18', 1, '2025-01-29 16:17:07', '2025-01-29 16:17:18'),
(132, 1, 1, 0, 100.00, '2025-01-29 11:28:31', '2025-01-29 11:28:31', 1, '2025-01-29 11:28:31', '2025-01-29 11:28:31'),
(134, 1, 0, 1, 0.00, '2025-01-28 16:39:38', '2025-01-28 16:39:38', 0, '2025-01-28 16:39:38', '2025-01-28 16:39:38'),
(136, 1, 0, 1, 0.00, '2025-01-29 11:12:06', '2025-01-29 11:12:06', 0, '2025-01-29 11:12:06', '2025-01-29 11:12:06'),
(137, 3, 1, 2, 33.33, '2025-01-29 15:00:25', '2025-01-29 16:00:03', 1, '2025-01-29 15:00:25', '2025-01-29 16:00:03'),
(138, 2, 1, 1, 50.00, '2025-01-27 17:06:23', '2025-01-29 11:05:24', 0, '2025-01-27 17:06:23', '2025-01-29 11:05:24'),
(141, 3, 1, 2, 33.33, '2025-01-29 10:20:08', '2025-01-29 16:17:18', 1, '2025-01-29 10:20:08', '2025-01-29 16:17:18'),
(142, 1, 1, 0, 100.00, '2025-01-29 15:20:14', '2025-01-29 15:20:14', 1, '2025-01-29 15:20:14', '2025-01-29 15:20:14'),
(146, 3, 1, 2, 33.33, '2025-01-29 10:16:42', '2025-01-29 15:14:10', 0, '2025-01-29 10:16:42', '2025-01-29 15:14:10'),
(147, 3, 0, 3, 0.00, '2025-01-29 10:20:08', '2025-01-29 15:14:10', 0, '2025-01-29 10:20:08', '2025-01-29 15:14:10'),
(148, 4, 1, 3, 25.00, '2025-01-29 10:16:42', '2025-01-29 16:00:03', 1, '2025-01-29 10:16:42', '2025-01-29 16:00:03'),
(149, 2, 0, 2, 0.00, '2025-01-29 11:28:31', '2025-01-29 15:55:53', 0, '2025-01-29 11:28:31', '2025-01-29 15:55:53'),
(150, 1, 1, 0, 100.00, '2025-01-27 17:06:23', '2025-01-27 17:06:23', 1, '2025-01-27 17:06:23', '2025-01-27 17:06:23'),
(151, 2, 0, 2, 0.00, '2025-01-28 18:45:02', '2025-01-28 18:49:23', 0, '2025-01-28 18:45:02', '2025-01-28 18:49:23'),
(152, 3, 0, 3, 0.00, '2025-01-28 16:39:38', '2025-01-29 15:04:49', 0, '2025-01-28 16:39:38', '2025-01-29 15:04:49'),
(154, 3, 3, 0, 100.00, '2025-01-29 11:26:35', '2025-01-29 15:55:53', 1, '2025-01-29 11:26:35', '2025-01-29 15:55:53'),
(155, 1, 1, 0, 100.00, '2025-01-29 15:04:03', '2025-01-29 15:04:03', 1, '2025-01-29 15:04:03', '2025-01-29 15:04:03'),
(156, 2, 2, 0, 100.00, '2025-01-29 10:20:37', '2025-01-29 10:26:09', 1, '2025-01-29 10:20:37', '2025-01-29 10:26:09'),
(157, 1, 0, 1, 0.00, '2025-01-29 11:05:24', '2025-01-29 11:05:24', 0, '2025-01-29 11:05:24', '2025-01-29 11:05:24'),
(159, 2, 0, 2, 0.00, '2025-01-29 10:20:37', '2025-01-29 10:26:09', 0, '2025-01-29 10:20:37', '2025-01-29 10:26:09'),
(160, 2, 0, 2, 0.00, '2025-01-29 10:20:08', '2025-01-29 15:00:25', 0, '2025-01-29 10:20:08', '2025-01-29 15:00:25'),
(165, 1, 0, 1, 0.00, '2025-01-29 11:31:07', '2025-01-29 11:31:07', 0, '2025-01-29 11:31:07', '2025-01-29 11:31:07'),
(166, 1, 1, 0, 100.00, '2025-01-29 15:00:25', '2025-01-29 15:00:25', 1, '2025-01-29 15:00:25', '2025-01-29 15:00:25'),
(167, 1, 1, 0, 100.00, '2025-01-29 15:04:03', '2025-01-29 15:04:03', 1, '2025-01-29 15:04:03', '2025-01-29 15:04:03'),
(168, 2, 1, 1, 50.00, '2025-01-29 16:17:07', '2025-01-29 16:17:18', 1, '2025-01-29 16:17:07', '2025-01-29 16:17:18'),
(169, 3, 3, 0, 100.00, '2025-01-29 11:12:18', '2025-01-29 15:57:55', 1, '2025-01-29 11:12:18', '2025-01-29 15:57:55');

--
-- ダンプしたテーブルのインデックス
--

--
-- テーブルのインデックス `language`
--
ALTER TABLE `language`
  ADD PRIMARY KEY (`language_code`);

--
-- テーブルのインデックス `tests`
--
ALTER TABLE `tests`
  ADD PRIMARY KEY (`test_id`,`branch_id`);

--
-- テーブルのインデックス `test_type`
--
ALTER TABLE `test_type`
  ADD PRIMARY KEY (`test_type`);

--
-- テーブルのインデックス `translations`
--
ALTER TABLE `translations`
  ADD PRIMARY KEY (`translation_id`);

--
-- テーブルのインデックス `used_test_words`
--
ALTER TABLE `used_test_words`
  ADD PRIMARY KEY (`test_id`,`branch_id`,`word_id`);

--
-- テーブルのインデックス `users`
--
ALTER TABLE `users`
  ADD PRIMARY KEY (`user_id`),
  ADD UNIQUE KEY `email` (`email`);

--
-- テーブルのインデックス `words`
--
ALTER TABLE `words`
  ADD PRIMARY KEY (`word_id`);

--
-- テーブルのインデックス `word_statistics`
--
ALTER TABLE `word_statistics`
  ADD PRIMARY KEY (`word_id`);

--
-- ダンプしたテーブルの AUTO_INCREMENT
--

--
-- テーブルの AUTO_INCREMENT `tests`
--
ALTER TABLE `tests`
  MODIFY `test_id` int NOT NULL AUTO_INCREMENT, AUTO_INCREMENT=55;

--
-- テーブルの AUTO_INCREMENT `test_type`
--
ALTER TABLE `test_type`
  MODIFY `test_type` int NOT NULL AUTO_INCREMENT, AUTO_INCREMENT=5;

--
-- テーブルの AUTO_INCREMENT `translations`
--
ALTER TABLE `translations`
  MODIFY `translation_id` int NOT NULL AUTO_INCREMENT, AUTO_INCREMENT=327;

--
-- テーブルの AUTO_INCREMENT `users`
--
ALTER TABLE `users`
  MODIFY `user_id` int NOT NULL AUTO_INCREMENT, AUTO_INCREMENT=5;

--
-- テーブルの AUTO_INCREMENT `words`
--
ALTER TABLE `words`
  MODIFY `word_id` int NOT NULL AUTO_INCREMENT, AUTO_INCREMENT=185;

--
-- ダンプしたテーブルの制約
--

--
-- テーブルの制約 `word_statistics`
--
ALTER TABLE `word_statistics`
  ADD CONSTRAINT `word_statistics_ibfk_1` FOREIGN KEY (`word_id`) REFERENCES `words` (`word_id`) ON DELETE CASCADE;
COMMIT;

/*!40101 SET CHARACTER_SET_CLIENT=@OLD_CHARACTER_SET_CLIENT */;
/*!40101 SET CHARACTER_SET_RESULTS=@OLD_CHARACTER_SET_RESULTS */;
/*!40101 SET COLLATION_CONNECTION=@OLD_COLLATION_CONNECTION */;
